,x,y,count,mean,std,min,25%,50%,75%,max
ANHY,0.34611964,-0.5924049,432.0,4.934444425128404,0.002835468010511485,4.9253770251598095,4.933714844147772,4.93580296174941,4.936226056944,4.9364358336216965
APINENE,-0.62511003,-0.2916056,432.0,4.695327847307909,0.11093883203812391,4.422539174331768,4.63252955713719,4.716433220316587,4.785291864489372,4.867647883993394
ARNOH14,-0.858823,-0.15966977,432.0,4.935049721800684,0.0017367599164381559,4.929326380785993,4.934635006848886,4.935785816307156,4.936224209333037,4.936392421919565
ARNOH17,-0.3187329,-0.44791344,432.0,4.933640107195125,0.003009095207026042,4.923506348874569,4.933098261808991,4.93475751295993,4.935775040719933,4.936171101101829
AROH14,0.25341293,-0.63716394,432.0,4.8951627786434715,0.04302277886446858,4.759723960750434,4.883135411183155,4.911987666081666,4.926394559430884,4.931946846816101
AROH17,0.23982494,-0.63681763,432.0,4.856182547076181,0.06888316295037143,4.643784105001052,4.837387258274732,4.878154151411694,4.909918302203069,4.923693435802289
BENZAL,-0.18558979,-0.5400891,432.0,4.917775642876382,0.025195914656136863,4.84213507068759,4.910116727656751,4.930494329166548,4.93407712500742,4.935839802255435
BENZENE,0.5217799,-0.3666043,432.0,4.934834975746598,0.0023026959578486116,4.927466453569767,4.934244454773463,4.935938109484753,4.936281090900286,4.936451122548159
BOX2PROL,0.34430522,-0.4318566,432.0,4.9018947303465135,0.04474357099853214,4.76578563900684,4.887314148972115,4.923457339855508,4.931149506415672,4.935018330640245
BPINENE,-0.29028937,-0.4676615,432.0,4.807684370488979,0.10306612655611347,4.51911639336161,4.771509764963565,4.8452192041559465,4.886555174292761,4.908422775203129
BUOX2ETOH,0.29746225,-0.66899055,432.0,4.907264800900556,0.03814522773036123,4.790336010243904,4.8952513165471006,4.925640290899391,4.932054001587062,4.93527188669871
BUT1ENE,-0.17152016,-0.4845403,432.0,4.873597596743906,0.0535768363120418,4.716367044140843,4.8576767992699255,4.893907606346767,4.913094587638318,4.92450447215313
BUT2OL,0.61736363,-0.487194,432.0,4.924869062906817,0.015663798185448517,4.875557394741162,4.920512854137531,4.932394166753374,4.934834591224275,4.936048806825214
C2H2,0.5554355,-0.67690086,432.0,4.935466411199701,0.0014396899944038835,4.9308545499043435,4.935099204563532,4.936155968456779,4.936369784600386,4.936475759508789
C2H4,-0.76768637,-0.27296174,432.0,4.921774877002805,0.015190498545196104,4.874386916312626,4.917904003872419,4.928172747495001,4.932245951914661,4.934111023882253
C2H5CHO,-1.0624547,-0.24382609,432.0,4.905039863087186,0.042646819063471765,4.7839732874500305,4.89181654048448,4.927296615768481,4.93279588112426,4.935486510486019
C2H5CO3,-1.1626265,-0.0753572,432.0,1.460787382827097,0.5576465887990063,0.6621950575105733,0.8579036278920791,1.4540466851881066,2.036314511763883,2.3516699578378466
C2H5CO3H,0.25575584,-0.29582477,432.0,4.924461675026548,0.017835319215521166,4.875489790580582,4.919751693635469,4.934273576374231,4.935654981782216,4.936278831177177
C2H5NO3,0.530857,-0.6675638,432.0,4.934743579554579,0.0027951343809335797,4.926878131843632,4.934329878324553,4.936265812953085,4.936420350042685,4.936489996747502
C2H5O2,-1.367813,0.034644634,432.0,3.111575862785413,0.7212607867161579,1.5371434473166612,2.684952452737112,3.239455781001749,3.6552598387028454,4.1682257289058
C2H5OH,0.30015984,-0.6644149,432.0,4.932118511567676,0.00599257429976823,4.913029509685892,4.930546069740176,4.934991776017824,4.935895517950127,4.936343977483628
C2H5OOH,-0.061726823,-0.58015317,432.0,4.913078430612268,0.032035322195089956,4.821900244045374,4.90309844820607,4.9298419152321,4.933871101161044,4.935785610685593
C2H6,0.6127999,-0.61599797,432.0,4.936182082464253,0.00045910959744824796,4.934709596930378,4.9360657055304715,4.93640192594115,4.936469885931718,4.936503560868146
C3H6,-0.60519993,-0.33058795,432.0,4.876906354335948,0.0500492473764162,4.729624261820274,4.860936987342818,4.895560213782707,4.913849661593904,4.925105698013969
C3H7CHO,0.39220354,-0.6376696,432.0,4.897222307589332,0.05281927959051682,4.749798502675481,4.879706625992859,4.924948700300925,4.931880705974808,4.935231616873104
C3H8,0.61240506,-0.6537101,432.0,4.935039353992865,0.0020235854705664487,4.928561738515116,4.934521319041736,4.936008711746274,4.936309837043663,4.936459107928226
C4H6,-0.5793847,-0.29798847,432.0,4.8486097746580965,0.09025033696930417,4.589338320545197,4.813523069106209,4.8884306546154885,4.913570961911709,4.92506313906544
C4H9CHO,0.3904307,-0.6550495,432.0,4.892098471624451,0.05881119412068571,4.7278540253015136,4.871598831972442,4.922747615533552,4.93095313727563,4.934973190777394
C5H8,-0.63994247,-0.34666845,432.0,4.807129162006549,0.11898103400444218,4.476657439729266,4.755954971741996,4.856748342388043,4.896332159801546,4.915053581558458
CARB10,-0.19917354,-0.46322998,432.0,4.926050038259188,0.014683131075581769,4.8829810159981175,4.922283424647328,4.933669622993724,4.935374672368799,4.936201426206023
CARB11,-0.9831992,-0.11308121,432.0,4.903914636439293,0.043919791706891115,4.778452187569561,4.89026811267701,4.9265901243694525,4.9325157505418336,4.935409892677623
CARB11A,-0.52071476,-0.3238435,432.0,4.932282964442124,0.006708199689815739,4.913427408181534,4.931401310758373,4.935929628781722,4.936291347996372,4.936454423884205
CARB12,0.18318668,-0.6377473,432.0,4.691151565908829,0.3863908463749783,3.9106874976635115,4.399260316353842,4.935814981332948,4.936247340906797,4.936442286991301
CARB13,-0.65596175,-0.2683151,432.0,4.90832063075934,0.03867805750578296,4.798016403922889,4.897407857705758,4.9285477623350005,4.933309085483896,4.935629916644103
CARB14,-1.0272777,-0.09970348,432.0,4.902099443820185,0.04770739353334444,4.768503985806905,4.888459948276283,4.9273521856107845,4.9328832133913085,4.93551184114465
CARB15,0.13876513,-0.6040577,432.0,4.689577119448152,0.38652430726670656,3.909535550859151,4.396319225028723,4.9340762257169235,4.935579046783174,4.93625786596855
CARB16,-0.650826,-0.23109266,432.0,4.9122525238428345,0.034206002703680564,4.815242904987185,4.903590807256545,4.9303188374316935,4.934084469922331,4.935844681650353
CARB17,-0.70876586,-0.22201604,432.0,4.927179273386554,0.013540535117853691,4.888060285269926,4.924637198812773,4.934344700742663,4.935666665268283,4.93628205668372
CARB18,0.24158925,-0.6406128,432.0,4.68889649671886,0.38658421015511585,3.908597200625416,4.395047995874816,4.93332306976862,4.935289058344435,4.936177777438545
CARB19,-0.5017388,-0.33304274,432.0,4.922522913926086,0.019469899880202618,4.8655997364934755,4.91721920729425,4.93260079619509,4.934944826877017,4.93608265790408
CARB20,0.3865684,-0.5457311,432.0,4.9234357140243485,0.018075691812999138,4.870101812771358,4.918279776542878,4.932699798256987,4.9349798210069,4.936092330125546
CARB21,0.4603537,-0.40830788,432.0,4.688213311536434,0.38664565826970915,3.907654596189878,4.393772108355532,4.9325661761609325,4.934997319129294,4.936097166317059
CARB22,0.1525067,-0.623362,432.0,4.92130782045204,0.02150219656219346,4.859222942299287,4.916151795623211,4.932608149135724,4.9349623235894935,4.936087493987887
CARB23,0.4137857,-0.5275348,432.0,4.919137963282543,0.023620106610405665,4.84862776951894,4.912344820959358,4.931101953533124,4.934323331484498,4.93590913186756
CARB24,0.59883606,-0.67513025,432.0,4.687532120718913,0.38670822905806046,3.906714033178421,4.39250008313068,4.931810599448291,4.934705775759865,4.9360165701553465
CARB25,0.1402942,-0.6363461,432.0,4.9196540163550235,0.025241564362739496,4.848877568355514,4.914578428907491,4.933332252037722,4.935269602965172,4.936172402898253
CARB26,0.40976453,-0.53769225,432.0,4.9174059342213186,0.02583801604197107,4.840109942326187,4.910033080364356,4.930493594772379,4.934052380026074,4.935833940877311
CARB27,0.506502,-0.42569637,432.0,4.686852906703471,0.3867718987158147,3.9057755027678156,4.391231896339231,4.931056335055974,4.9344144279733815,4.935935988947856
CARB28,0.10887849,-0.62550795,432.0,4.9167440740811745,0.030267481580374952,4.833150010627653,4.911298837206427,4.933267525522275,4.935255984718245,4.936168640759623
CARB29,0.4250654,-0.54590005,432.0,4.915570256806617,0.028176947616266147,4.831165358716564,4.90716499775124,4.929808133518384,4.933762262356813,4.93575339354552
CARB3,-0.16526529,-0.55629957,432.0,4.79301681155397,0.22723214817571705,4.2957185445645525,4.66707454364354,4.931608280843295,4.934627657146874,4.935994967882876
CARB30,0.6569324,-0.676262,432.0,4.686175652223808,0.38683664401404305,3.90483899619191,4.389967524344076,4.930303378433061,4.934123275507603,4.9358554226890385
CARB31,-0.26325902,-0.500397,432.0,4.914127249086326,0.03278667123093195,4.822371511464987,4.9072778350855675,4.931813051084369,4.934672746522002,4.936007436867234
CARB32,0.53970116,-0.6955961,432.0,4.913875158421671,0.030325657739074013,4.822980084682851,4.9044726939142445,4.9291523218975115,4.933491660609385,4.935678229511649
CARB33,0.6514869,-0.6255633,432.0,4.685500340302513,0.3869024422815021,3.9039045047411416,4.388706943729207,4.929551725052264,4.933832318100819,4.935774871373349
CARB34,-0.17648023,-0.5272503,432.0,4.908672489832484,0.042632047010359386,4.792663517560801,4.90049075589481,4.932061643971998,4.934791274865415,4.936040210145945
CARB35,0.21912277,-0.6426085,432.0,4.91219714531686,0.032441978673996924,4.8149462314106675,4.901844593263512,4.9284974991108506,4.93322122736506,4.935603078484284
CARB6,-0.48019636,-0.4996782,432.0,4.786288847233379,0.23530478870102473,4.275748799911636,4.651333795909894,4.929910391463412,4.933971192737453,4.9358133235689445
CARB7,-0.42555478,-0.53021336,432.0,4.927888225852471,0.012297739871951515,4.89199670262795,4.925050248333632,4.934331413232181,4.9356486292334045,4.9362770773773565
CARB9,0.10689104,-0.5853555,432.0,4.691677240242541,0.3863478992670418,3.9110208781438964,4.4002424000332985,4.936394421626552,4.936469684044831,4.93650359878571
CBUT2ENE,-0.10500173,-0.51276493,432.0,4.6580378377250815,0.12120247888151556,4.369530878484432,4.589408600222108,4.677534693392628,4.7557956497991,4.85586088951108
CCARB12,-0.07627532,-0.5591528,432.0,4.929995761781332,0.008850611650978698,4.901901191308971,4.927632433069035,4.934242011364818,4.935589681216299,4.936258941082834
CCARB14,-0.050349083,-0.5773257,432.0,4.912935105720326,0.031058589255987513,4.816939657954305,4.903512194129993,4.927890332187818,4.932986211585272,4.935533307029646
CH3CHO,-1.2633859,-0.07449575,432.0,4.915479693885635,0.028112781122190417,4.83011894231456,4.906977093746075,4.92944351883637,4.9336115091001345,4.935710380426911
CH3CO2H,-0.32109043,-0.42487308,432.0,4.935407869757434,0.0015197856398732118,4.930539914859916,4.935020038256715,4.936135803939797,4.936361576426706,4.93647347962963
CH3CO3,-1.1072156,-0.19598953,432.0,1.460787382827097,0.5576465887990063,0.6621950575105733,0.8579036278920791,1.4540466851881066,2.036314511763883,2.3516699578378466
CH3CO3H,0.6007263,-0.60460657,432.0,4.925389452777758,0.01669684727049676,4.879877823409903,4.920944014675677,4.93463815183638,4.935795204363889,4.936317538836872
CH3COCH3,-0.8562478,-0.10679254,432.0,4.935892371101086,0.0010081858301265087,4.932935448096398,4.935838929509412,4.936428213084753,4.936482327853171,4.936507084671074
CH3NO3,0.3301949,-0.6606917,432.0,4.9358198630289065,0.0012507415436294137,4.932472673542937,4.935769603539296,4.936504565083714,4.936511927671887,4.936515245024143
CH3O2,-1.3667356,0.03884151,432.0,3.0297715104647156,0.6301515147816187,1.6180435700003657,2.6258063444075295,3.0933040928151296,3.488855314926182,4.008785412961436
CH3OCH3,0.5254967,-0.4959964,432.0,4.932710697880873,0.0051905167041320695,4.916159820511684,4.931355857918053,4.935198667173502,4.935979599019615,4.936367301536722
CH3OCHO,0.5417777,-0.6094262,432.0,4.936238717864142,0.0003813989046361144,4.935015353173337,4.936142086938246,4.936421346269713,4.936477788307743,4.936505755415032
CH3OH,0.37513375,-0.65009016,432.0,4.9352760996714755,0.0017000081995298406,4.929832096132462,4.934841784827342,4.936090390828658,4.936343089725966,4.936468344701819
CH3OOH,0.51455307,-0.67311525,432.0,4.917414834530598,0.026620469924402472,4.842167163705912,4.909927557122012,4.931537940266265,4.934564526700611,4.935977508259606
CHEX,0.66915315,-0.58218354,432.0,4.926798403489022,0.013114389672007759,4.885384916738278,4.9232057005889205,4.933095717446364,4.935121491620665,4.9361286794977355
CHEX2ENE,-0.13231556,-0.5140007,432.0,4.612805847230276,0.1323502963124955,4.306254054527973,4.53071916333637,4.630786105137949,4.719672510566064,4.837691431878525
CO,-0.9473061,-0.19372642,432.0,4.9361990861232075,0.00043578021886177254,4.934801383640715,4.936088639138388,4.93640775718532,4.936472258760352,4.936504219822822
CPENT2ENE,-0.06869059,-0.5482086,432.0,4.610003406417067,0.13407449778013525,4.298552714834599,4.528634237372508,4.628775376030632,4.718126928976972,4.836862251087632
CYHEXOL,0.7054086,-0.5324365,432.0,4.9136561284482285,0.030146161872218667,4.820380372490062,4.904555458397956,4.928170457353007,4.933101505023522,4.935565507818326
CYHEXONE,-0.0793148,-0.54262596,432.0,4.926648490017325,0.01390600615742594,4.885925315048648,4.923243180840252,4.933889193042292,4.935464195988972,4.936226151294439
DHCARB9,-0.39990243,-0.5031816,432.0,4.865151435142057,0.09926926799822139,4.607424842396778,4.831288895898691,4.91976536958747,4.929894528833479,4.934680854177587
DHPCARB9,0.22604363,-0.615491,432.0,4.875293002152137,0.08129665401515,4.657905316692002,4.846497390619415,4.918709612949018,4.929471990330688,4.934563036391488
DHPR12O2,-0.55918443,-0.35944754,432.0,0.2438053086991775,0.005102069364836602,0.22200514289999596,0.24397080477658287,0.24595460068849714,0.24654073591393072,0.2468018114317743
DHPR12OOH,0.1852203,-0.6285511,432.0,4.836121998930253,0.13318330350654922,4.500391217205692,4.782418475910323,4.909227752534905,4.92564947101627,4.933493429108049
DIEK,-0.09261354,-0.5741569,432.0,4.931144211906714,0.008121448928900774,4.907913719664677,4.92972142412256,4.935518917354084,4.936126465217768,4.936408945613812
DIET35TOL,-0.1272656,-0.56515926,432.0,4.872026936417274,0.07953787285045684,4.639391719858285,4.84147324294784,4.9103280243716325,4.925670371075259,4.933477405035422
DIETETHER,0.5121086,-0.6768291,432.0,4.9192520919806375,0.022980242945504464,4.847536190977347,4.912590173277019,4.930302581296921,4.933974853048705,4.93580872655336
DIIPRETHER,0.07602326,-0.6013158,432.0,4.922934983476256,0.018182815662539535,4.865856132537094,4.917813523793045,4.931667151957073,4.934532674688974,4.935962964253709
DIME35EB,0.08056728,-0.6002226,432.0,4.872026936417274,0.07953787285045684,4.639391719858285,4.84147324294784,4.9103280243716325,4.925670371075259,4.933477405035422
DMC,0.6773688,-0.6242099,432.0,4.936072075498929,0.0006100058212953349,4.934115991831614,4.935917300966006,4.936364186106969,4.9364545285189845,4.936499295921238
DMM,0.6478406,-0.6541967,432.0,4.929809271441294,0.009100650314939585,4.900929826538753,4.927375487125402,4.934175712233804,4.935562622071652,4.936251415338734
EBENZ,0.5033576,-0.63752705,432.0,4.927077562343765,0.012744063627947036,4.8868154169643505,4.92359399279072,4.933196611636027,4.935162729948949,4.93614015706158
ECARB13,0.3808205,-0.64251274,432.0,4.9354879732313925,0.0014101847199961032,4.930970463338668,4.93512835908678,4.936163393739879,4.936372807081183,4.936476599016687
ECARB7,0.37256363,-0.48833352,432.0,4.935220206850537,0.001776426499936738,4.929532023611173,4.934766150484673,4.936071117488053,4.936335243617112,4.93646616529267
EOX2EOL,0.4897,-0.6864392,432.0,4.913288742066975,0.030603315376755952,4.81864549524883,4.904031198504972,4.928020976142371,4.933037238875444,4.935547057443039
ETBE,0.5250386,-0.6208969,432.0,4.9246404910314645,0.01595897636886236,4.874414282598896,4.920197497998414,4.932305753491143,4.934796532656588,4.936037865711844
ETHACET,-0.10932046,-0.5710229,432.0,4.9341966576839775,0.0031730636179056744,4.924053904693256,4.933378486244694,4.935717065111453,4.936191073413079,4.936426114155739
ETHGLY,0.1215535,-0.06598826,432.0,4.917555360622232,0.025173146152442937,4.839205940975383,4.910162265866238,4.929667519063402,4.9337169214636045,4.935737285871672
HCOOH,0.053867128,-0.5877542,432.0,4.935891898125177,0.0008570212877624167,4.933144559772816,4.9356741092142125,4.936302320743518,4.9364293520295055,4.936492303857395
HEX1ENE,-0.22437371,-0.49963534,432.0,4.866014309123174,0.06053715526343796,4.689358531831933,4.848415675924898,4.8893400418337345,4.910544145085366,4.922998673261749
HEX2ONE,0.27088797,-0.24479008,432.0,4.921897555983645,0.020066005817102092,4.862359880622952,4.915849707462679,4.932150835508448,4.934749454180501,4.936027315446099
HEX3ONE,0.6428306,-0.6184822,432.0,4.924705307544211,0.016429167465431403,4.876397014078909,4.9204222129414275,4.933166317991407,4.935172339140054,4.9361455311944225
HMML,0.5056403,-0.45244798,432.0,4.930610097437562,0.008025741965642463,4.905108202208165,4.928477755970401,4.9344599226564,4.935678601706782,4.9362836694459755
HOC2H4NO3,0.37290648,-0.43462113,432.0,4.935007986263651,0.0020664367226884968,4.928393551809037,4.934478838994151,4.935997881224385,4.936305427510218,4.936457883030419
HOC2H4OOH,0.3894238,-0.5275132,432.0,4.904097681190397,0.04310804750196001,4.779575311853991,4.8889332124991665,4.926256773630607,4.932380447828578,4.935372338747961
HOCH2CH2O2,-1.2291869,0.0019471133,432.0,2.670883240639846,0.5466079256653399,1.479302790963459,2.2838606658371745,2.6737912040251643,3.0518596926481463,3.595759082091252
HOCH2CHO,-0.5760379,-0.4808399,432.0,4.9129228608475515,0.034152180900505945,4.818921931777942,4.9040717582580635,4.931541875666454,4.934563242997303,4.9359766743701465
HOCH2CO3,-0.625036,-0.40043077,432.0,1.460787382827097,0.5576465887990063,0.6621950575105733,0.8579036278920791,1.4540466851881066,2.036314511763883,2.3516699578378466
HOCH2CO3H,0.45247734,-0.68232405,432.0,4.922203653350207,0.020633822574119248,4.864765744438779,4.916780285526506,4.9334363657814,4.935310460268321,4.936183689509689
HPUCARB12,-0.25657153,-0.4921047,432.0,4.6210176740149,0.38061167524816186,3.8399460891208888,4.327304300254895,4.842140949892517,4.88559783087291,4.9124956847100965
HUCARB9,0.17579706,-0.6196464,432.0,4.725593985265977,0.3001036709743372,4.084860052288093,4.516489701251862,4.9080628355968665,4.92538315045227,4.933418655160295
IBUTOL,0.6680155,-0.5802642,432.0,4.92461745720611,0.015994986119531495,4.874283315314499,4.9201604963790775,4.932302131020371,4.9347969327219054,4.936038319923306
IC3H7NO3,-0.039228138,-0.5543152,432.0,4.934747558591971,0.0027902136115341932,4.926897506417439,4.934336816932031,4.936267285187314,4.93642091483943,4.936490152475782
IC3H7O2,-0.68581116,-0.27573985,432.0,3.1606143972330956,0.7767198133781331,1.5147042811197706,2.6340545878518284,3.321591704801096,3.7628690342031867,4.272122971626301
IC3H7OOH,0.49086165,-0.7016309,432.0,4.896864601471958,0.05184218554954248,4.746778911968711,4.8786539080379026,4.923212864547633,4.93112607443268,4.935023778675976
IC4H10,0.7613003,-0.45162112,432.0,4.933498246473765,0.004123027763619635,4.920334342780186,4.932428814645514,4.9354742773885345,4.936092169926498,4.936398632764958
IC5H12,0.45738307,-0.61661714,432.0,4.931455443523705,0.0068876872343984746,4.909539197205346,4.929638157134181,4.934758543912418,4.935800413667402,4.936317538836872
IEPOX,0.17611276,-0.12447453,432.0,4.921170842576066,0.020502444183020514,4.857001441227834,4.915306724848238,4.931028703035853,4.934275396797827,4.93589301841656
IPBENZ,0.6884397,-0.52476686,432.0,4.92799600645758,0.011523069120608811,4.89153725442988,4.924869077664325,4.9335274614527815,4.935297917948146,4.936177777438545
IPEAOH,0.4078136,-0.6380059,432.0,4.921675908609442,0.01984531016376927,4.85951423076898,4.91602111197452,4.931216787808987,4.934352484269592,4.935914503150752
IPEBOH,0.59304553,-0.6626002,432.0,4.92016541723216,0.021807165703015743,4.852019062331901,4.9138814663308,4.930652777684006,4.9341212628915345,4.93585005213649
IPECOH,0.41931596,-0.64846194,432.0,4.931253750962988,0.007159535100655442,4.9084800905685,4.929361589786527,4.934687424986679,4.935771407720503,4.936309474456598
IPRCHO,-0.13980468,-0.5428522,432.0,4.871865943822422,0.09255440535102864,4.631912056449629,4.843474654320867,4.923114225354836,4.931266581506307,4.9350606765295355
IPROACET,0.7068157,-0.54249316,432.0,4.9317279680882775,0.006520052659410396,4.910972157513726,4.9300115572173215,4.934854509882624,4.935839549055569,4.936328418839448
IPROPOL,0.15136383,-0.1991535,432.0,4.929600644160087,0.009380169882890456,4.899844350283259,4.927087855988468,4.934101460947339,4.9355323144537575,4.936242985720787
M22C4,0.2632378,0.01285786,432.0,4.933293063345325,0.004401650330008477,4.919244401843093,4.932149384222743,4.93540276450573,4.936063031755204,4.936390535550739
M23C4,0.14670059,-0.62701166,432.0,4.928684165658501,0.010605585629856185,4.8950907984213945,4.925822016925917,4.933774253847215,4.935398719723434,4.936205823250661
M2HEX,0.34202707,-0.061932754,432.0,4.927260822257746,0.012500754604469573,4.887755685516138,4.923848710221982,4.933262761379503,4.9351897641582845,4.936147680869544
M2PE,0.68233097,-0.5440757,432.0,4.9293174773869275,0.009759221478959959,4.898373057884158,4.926697146585779,4.9340005418079285,4.935491116732693,4.936231526499931
M3HEX,0.5437055,-0.66288555,432.0,4.926881448102965,0.013004262977850633,4.885810236699957,4.923321245960772,4.933125747836318,4.9351337664882635,4.936132095954532
M3PE,-0.12995732,-0.5524684,432.0,4.929184826139785,0.009936657617333358,4.8976846153646,4.9265139930354165,4.933953210575559,4.935471792986203,4.936226151294439
MACO3,-1.2882956,0.030227993,432.0,1.4607870735088524,0.5576464010093914,0.6621949664089883,0.8579035968120954,1.4540462466404762,2.0363138273748795,2.3516692563150805
ME2BUT1ENE,0.015922988,-0.576462,432.0,4.832664805835014,0.08664063290285144,4.586646536579568,4.803804260628804,4.8655857674087,4.897545329147915,4.9154851682572795
ME2BUT2ENE,-0.13128465,-0.49887052,432.0,4.382843889135939,0.17722063499500276,4.007975389808666,4.256587660315986,4.389381347863371,4.533073664049967,4.723112853782254
ME3BUOL,0.66266465,-0.5961761,432.0,4.9192907503797905,0.02293852126123143,4.847705881946741,4.912638190544286,4.930324109723031,4.933986440582792,4.9358124601281
ME3BUT1ENE,-0.57414514,-0.30733624,432.0,4.871242099721961,0.05448961971737903,4.711752358466963,4.853756716095062,4.891587811753814,4.9115871067176915,4.923916546568787
MEK,-0.14653718,-0.5741581,432.0,4.93234423963707,0.006633599502415546,4.913721560902895,4.931541082426026,4.935952659397202,4.936300187367662,4.936456861622686
MEPROPENE,-0.7315862,-0.22306775,432.0,4.851128236155675,0.07604773559492882,4.63131898732778,4.825236461393725,4.881812221797437,4.907173881594101,4.919991199892986
METHACET,0.13996138,-0.15697451,432.0,4.93603167890958,0.0006654022055939664,4.93389810411411,4.935862789652569,4.936350321261642,4.936448886319977,4.93649772898416
METHTOL,0.6605508,-0.37679082,432.0,4.912575756532381,0.03151250904693371,4.8152294676846,4.902991499837601,4.927750337210328,4.932928576291235,4.9355172075164315
MIBK,0.25882444,-0.23280464,432.0,4.915692001474652,0.028022209717416213,4.831755966986168,4.907357947208712,4.929855015122576,4.933781597506431,4.935758762902899
MIBKAOH,0.55470294,-0.6654986,432.0,4.928065191887394,0.012934992813366299,4.891517230977299,4.926022492517292,4.935080702529594,4.935954957450016,4.936361626758139
MIPK,0.3374132,-0.5742692,432.0,4.930114627368089,0.009428386864914106,4.902911573438719,4.9283336158781115,4.935135455243682,4.935976392231979,4.936367541337194
MO2EOL,0.5724301,-0.6357929,432.0,4.92041020976995,0.02148542063235939,4.853240984268007,4.914232680186901,4.930740673164362,4.934155802494878,4.935859406845547
MPAN,-0.26684207,-0.44253865,432.0,3.4543708487633324,0.001818785658586306,3.4485473350089375,3.4539058414439356,3.4552420583883965,3.455512521233101,3.455646585346308
MPRK,0.55632573,-0.42721224,432.0,4.927301570279353,0.013058370956368675,4.889139319917028,4.924074859143432,4.9341124731181605,4.935561525207188,4.936253027987205
MTBE,0.40509912,-0.6871481,432.0,4.932483816643389,0.005496537299725919,4.914963061687657,4.931046968263392,4.935118257242732,4.935946447721961,4.936358019108733
MTBK,0.33464685,-0.64938813,432.0,4.932207728570381,0.0068000425408992595,4.913066348765577,4.931265396666711,4.935901340061639,4.936280490118742,4.936451429429063
MXYL,0.6966052,-0.65678346,432.0,4.907275421107853,0.03814513036771797,4.79035330293809,4.895255084105866,4.92565580992791,4.932064963482886,4.9352757864088295
NBUTACET,0.138527,-0.118918926,432.0,4.929815972212417,0.009091669109524095,4.900964711136448,4.927384722136823,4.934178095625373,4.935563594864886,4.9362516858998235
NBUTOL,0.1215778,0.029125739,432.0,4.9251553868403555,0.015286552771353793,4.877009379865233,4.920913502172233,4.932498748878755,4.934877377643838,4.936060720920921
NC10H22,0.3761885,-0.64316416,432.0,4.921642532315747,0.019888771188692467,4.859347971766021,4.915973935828175,4.931204374239913,4.934347397114351,4.935913085415278
NC11H24,0.28236914,-0.6219087,432.0,4.919540175697761,0.02261624483987313,4.848933854368456,4.912993049163434,4.930417989476456,4.934024956971763,4.935823200369898
NC12H26,0.49095863,-0.6486381,432.0,4.918296845784638,0.024219978629694792,4.84282842156354,4.911221648505712,4.929948793516311,4.933832409177106,4.935769501816812
NC4H10,0.63714737,-0.6250109,432.0,4.933276926442568,0.004423554076753603,4.919158735947011,4.93212739976919,4.935397136708998,4.936060738569298,4.936389898280042
NC5H12,0.33151266,-0.13287796,432.0,4.931046633028054,0.007438488163972355,4.9073937414554845,4.929077390503068,4.934614308464229,4.935741584118795,4.9363011823423255
NC6H14,0.63774896,-0.6038173,432.0,4.929117275868346,0.010026981238294836,4.89733423253798,4.926420695188017,4.933929094502327,4.935461946727285,4.936223412335508
NC7H16,0.05262854,-0.009407188,432.0,4.927049019622921,0.012781944686621286,4.886669054849449,4.923554307326145,4.9331863027928495,4.935158516691022,4.936138984452232
NC8H18,0.7312793,-0.5781842,432.0,4.924850804159273,0.015687842021656368,4.875464878192314,4.920487293055532,4.932387492062732,4.934831860282171,4.936048046351769
NC9H20,0.092004485,-0.030420162,432.0,4.923213962652998,0.01783703157932141,4.867207734251655,4.91819003850765,4.931786430386923,4.934585834902361,4.935979522587374
NEOP,0.7052845,-0.4908285,432.0,4.935341966585587,0.0016099327146894956,4.930185840859155,4.934930897250258,4.936113095479499,4.936352332444237,4.9364709120098835
NOA,0.11523089,-0.60007745,432.0,4.925682107439837,0.019202931993149056,4.874354970098728,4.925167363918305,4.936175769992293,4.936385804402314,4.936480471390411
NPROACET,0.7170792,-0.543611,432.0,4.931814882854631,0.006402728228386814,4.9114296260221,4.930130572376296,4.934885084580969,4.935852016490152,4.936331884753764
NPROPOL,0.4060772,-0.41159183,432.0,4.928631568666855,0.010675790167878932,4.8948187204105,4.925749256504215,4.933755424486707,4.935391030109281,4.93620368395513
NRI12O2,0.08024111,-0.6027256,432.0,3.1146012799357776,0.768023276145536,1.497624966654923,2.589321853443028,3.2637413340679737,3.7111336050541874,4.229074575536323
NRI12OOH,-0.2947704,-0.51828873,432.0,4.924770330441759,0.01745561504978475,4.87694754752474,4.920148765828687,4.9343950675243065,4.935701717612473,4.936291733347088
NRI15O2,-0.22881924,-0.5131058,432.0,3.074974258190938,0.7579771961835798,1.4847016870237661,2.5575482362321784,3.216545833780293,3.663062405737373,4.187733488661108
NRI15OOH,-0.4711802,-0.46777546,432.0,4.9211808609599865,0.02190934012374334,4.859917852120843,4.915174584508099,4.933034921662609,4.935152888988723,4.936140157053171
NRN12O2,-0.25231472,-0.4755772,432.0,3.015214814650994,0.712433194868094,1.4947902562033943,2.5668608685744396,3.1253284645699613,3.559402533573089,4.086251688350565
NRN12OOH,0.6057934,-0.6864836,432.0,4.920992167115807,0.022144986879980535,4.859026002745468,4.914946677574571,4.932960620865961,4.935123715394921,4.936132095965983
NRN15O2,-0.4054884,-0.4452999,432.0,2.9844788539490756,0.7073720230082302,1.4819498234902846,2.5275898640601353,3.0887234251319255,3.5254322004397047,4.056105445272091
NRN15OOH,-0.49909362,-0.44385833,432.0,4.918620924918924,0.02511091778483911,4.847878363454523,4.912093328113618,4.932020576114198,4.934754352732198,4.936030001810328
NRN18O2,-0.2372236,-0.49323916,432.0,2.9617291050260075,0.7037664897519388,1.472066130934337,2.4988918642745643,3.0619977189533323,3.5003526127483355,4.033682999137883
NRN18OOH,0.6072368,-0.58979475,432.0,4.916467046110317,0.027806170654454287,4.837702059317947,4.908402345597435,4.931156541970953,4.9344144279733815,4.935935988947856
NRN6O2,-0.04347953,-0.5485516,432.0,2.9861457111026612,0.6616643697279935,1.5302028182128569,2.5623018515751146,3.067792842199167,3.472201580114003,4.002105615084332
NRN6OOH,0.61759925,-0.6581448,432.0,4.923437136263652,0.019101232021053478,4.870643362694259,4.918148639091486,4.933893335431967,4.9354992319947995,4.936235826712225
NRN9O2,-0.43719345,-0.4675397,432.0,3.0672205286514576,0.7245341221654049,1.5122759509211035,2.6227723702901615,3.1906307172895265,3.620799696163319,4.140519170083195
NRN9OOH,0.13200022,-0.6190157,432.0,4.921811444190099,0.021122543979700772,4.862903980448538,4.916034644289448,4.933282682836156,4.935250148457426,4.936167028424472
NRTN28O2,-0.48941445,-0.32672426,432.0,2.9605304515387663,0.7220225547958262,1.452279346551306,2.481340177457777,3.069445544671993,3.520968371628915,4.0551186947373985
NRTN28OOH,0.45817825,-0.69072765,432.0,4.918064352564927,0.025807572726887832,4.845238738959108,4.911094442610096,4.931798231662019,4.934666918093716,4.936005825130447
NRTX28O2,-0.5770681,-0.32705444,432.0,2.963176799893247,0.7235115989451822,1.4523681602178389,2.4815116896080913,3.073271941934852,3.524829346394691,4.059063574595166
NRTX28OOH,0.3275613,-0.591109,432.0,4.917965604987349,0.025931169507675357,4.844771147400149,4.910917120851675,4.9317587156745955,4.9346513760006845,4.936001527194923
NRU12O2,-0.38217622,-0.47237617,432.0,2.805961112805685,0.616795298414359,1.473592087227042,2.385998556648241,2.847694213303277,3.2585490844049754,3.799789756991885
NRU12OOH,0.48030606,-0.7067327,432.0,4.898287586095082,0.05013775877002524,4.753143046327585,4.880749018780015,4.923788431806642,4.931376659438346,4.935093468313921
NRU14O2,0.060558245,-0.58906907,432.0,2.746570561545162,0.5896897131098588,1.469646037575566,2.331891810893952,2.772334783893558,3.1747770613297868,3.715760420088373
NRU14OOH,0.20879534,-0.64044154,432.0,4.828612159451979,0.12600702147345869,4.481608461349939,4.767969770279455,4.890055679024284,4.916923726130652,4.931011416510849
NRUA20O2,0.18359253,-0.6202684,432.0,2.9380412773129785,0.702502909503458,1.4589104787699934,2.469726596286372,3.0360263202255062,3.4770936044839207,4.013131786011412
NRUA20OOH,0.41362277,-0.4590253,432.0,4.8673994336718085,0.08465461427263048,4.62118254380031,4.8341582091556825,4.90813724357991,4.924745643443509,4.933215762174062
NUCARB12,-0.28543648,-0.48806143,432.0,4.805813897121594,0.1932553426487753,4.341009578701555,4.73968944357743,4.915851524749846,4.928474894143135,4.934284684978782
OETHTOL,0.600183,-0.37568438,432.0,4.920793076244978,0.020993197570871383,4.855126344377138,4.9147717046228285,4.930887692892801,4.934217590172226,4.935876905563388
OXYL,0.49356702,-0.6422247,432.0,4.918668851534106,0.023740857883854095,4.8446510559895435,4.911752310469822,4.930089499086693,4.9338901645524,4.935785610685593
PAN,0.3602379,-0.6528505,432.0,3.3544951236734732,1.5006593511677304e-06,3.3544903079314596,3.3544947443827606,3.354495842179054,3.3544960639729324,3.3544961738614663
PBENZ,0.72997737,-0.594252,432.0,4.928655345781715,0.010644054987940391,4.894941706836209,4.925782150266591,4.933763937213364,4.93539450659715,4.936204651137728
PECOH,-0.11087005,-0.5954377,432.0,4.920416189329322,0.021482168581033873,4.85325930859669,4.914237342694722,4.930746728519683,4.934159791239971,4.9358607933080005
PENT1ENE,-1.302599,-0.06978039,432.0,4.874001005330997,0.053475450496010817,4.71695390311966,4.858176832887758,4.894363327023636,4.913368599131204,4.92461079792156
PETHTOL,0.5811783,-0.34039235,432.0,4.920918900369328,0.02082981181998803,4.855750477552481,4.914949971473748,4.930934691186803,4.934236858192509,4.935882276448023
PHAN,0.38205627,-0.6148838,432.0,3.3544554372829314,5.601309561185576e-05,3.3542756987040763,3.35444127510746,3.354482256338525,3.3544905364611184,3.3544946389330113
PPN,0.14304785,-0.5900042,432.0,3.3544499766711464,6.351305241303916e-05,3.3542461736236473,3.354433917465575,3.3544803867607103,3.3544897757998626,3.3544944277047493
PR2OHMOX,-0.20969333,-0.5275269,432.0,4.915829363701909,0.027371681240473757,4.830853820805871,4.907697241549043,4.928999273347661,4.933438677382471,4.935658968502235
PROPACID,0.4973065,-0.7139895,432.0,4.934856581635315,0.002273199705058056,4.927582180993054,4.934273732810374,4.935945577167777,4.936284131544209,4.936451967225514
PROPGLY,0.68551564,-0.62906593,432.0,4.9206673502824305,0.02115638469785426,4.854503109096151,4.914593511553144,4.9308406998524,4.9341983230756625,4.935871534764382
PXYL,0.6375124,-0.44118726,432.0,4.9178021498429345,0.024856171038693222,4.840410080360097,4.910515106359988,4.929761256974519,4.933755413955909,4.935748024254523
RA13NO3,0.36006135,-0.62309504,432.0,4.856365642759398,0.09675669612446107,4.57934219909307,4.815412178521463,4.903082687720927,4.9225397055017055,4.932607651319444
RA13O2,-0.21928047,-0.47887036,432.0,2.806272889766671,0.6241802052097158,1.4648077755091453,2.37944615901659,2.853440045631749,3.2675210579830223,3.8089461114533796
RA13OOH,0.5065068,-0.67522323,432.0,4.832743487723318,0.12190103788935511,4.495825606774087,4.774901022591569,4.892328881653897,4.917910615563134,4.9312929916445425
RA16BO2,-0.68907046,-0.2261695,432.0,2.7946043102786353,0.624128912330872,1.4573640296399488,2.366165814848376,2.8411670626353653,3.256630176365801,3.7988875885755933
RA16BOOH,0.6213636,-0.6879822,432.0,4.924153619191107,0.018215116086654038,4.874036910392299,4.9193489169141165,4.93417399103355,4.935608250980814,4.936265929390557
RA16NO3,0.35718748,-0.55388594,432.0,4.8576051251533485,0.09543431171241575,4.583994127442421,4.817384897324756,4.903700263261431,4.922803566519918,4.932682285752234
RA16O2,-0.41612926,-0.45950925,432.0,2.7946043102786353,0.624128912330872,1.4573640296399488,2.366165814848376,2.8411670626353653,3.2566301763658014,3.7988875885755933
RA16OOH,-0.34240538,-0.50027627,432.0,4.833768987024718,0.12087494916179527,4.499385085298178,4.776618189951266,4.892888281590404,4.918153025668819,4.931362085133453
RA19AO2,-0.53621745,-0.31907892,432.0,2.785722825250139,0.6240887805192908,1.4516452059701317,2.355825036588985,2.8318298114560374,3.248320911552836,3.7912005274416636
RA19BO2,-0.92397135,-0.016257767,432.0,2.785722825250139,0.6240887805192908,1.4516452059701317,2.355825036588985,2.8318298114560374,3.248320911552836,3.7912005274416636
RA19CO2,-1.1933341,-0.032065913,432.0,2.785722825250139,0.6240887805192908,1.4516452059701317,2.355825036588985,2.8318298114560374,3.248320911552836,3.7912005274416636
RA19NO3,-0.50163907,-0.33074272,432.0,4.847640003826972,0.10593941069731022,4.547181684967917,4.801439894523504,4.898653154123554,4.920640872015324,4.932069596899869
RA19OOH,-0.025020815,-0.5410286,432.0,4.821770697515144,0.13271068526372506,4.458483755942412,4.756447623510534,4.886222574220749,4.915252996594953,4.930533687876913
RA22AO2,-0.2950587,-0.41594052,432.0,2.7787947265441453,0.6240568404772826,1.4471525922232658,2.347777633649467,2.824548837066734,3.2418276924214364,3.7851859126389282
RA22BO2,-1.1675661,-0.02057295,432.0,2.7787947265441453,0.6240568404772826,1.4471525922232658,2.347777633649467,2.824548837066734,3.2418276924214364,3.7851859126389282
RA22NO3,-0.32525358,-0.40760824,432.0,4.838212461467309,0.11562021983762506,4.513531183112178,4.786191072408615,4.893707164438965,4.918507560931056,4.931463087702246
RA22OOH,-0.16941325,-0.48875558,432.0,4.810104032626748,0.1438762879787019,4.420187711893432,4.736889841813887,4.879490596971326,4.912298588547522,4.929685687911627
RA25NO3,0.3069984,-0.6326766,432.0,4.837244125338038,0.11660088551220175,4.510136082357788,4.7846166440931395,4.8931897956602075,4.918283720079378,4.931399293873329
RA25O2,-0.4343599,-0.42649543,432.0,2.773508345554012,0.624032100519809,1.4437060800462609,2.341648244895927,2.8189947939363904,3.2368665182216088,3.780585975317847
RA25OOH,0.49823308,-0.7007915,432.0,4.810104032626748,0.1438762879787019,4.420187711893432,4.736889841813887,4.879490596971326,4.912298588547522,4.929685687911627
RA28NO3,0.36169243,-0.5737137,432.0,4.836440522499483,0.11741282153794101,4.507326966434521,4.78330896667139,4.892759125328367,4.918098488819224,4.931346139506487
RA28O2,-0.5794862,-0.33189481,432.0,2.7695866898170483,0.6240135467118322,1.4411390207506147,2.3371073300009026,2.8148754822613236,3.233182476412163,3.7771677133240456
RA28OOH,-0.34378082,-0.4985318,432.0,4.810104032626748,0.1438762879787019,4.420187711893432,4.736889841813887,4.879490596971326,4.912298588547522,4.929685687911627
RAROH14,-0.6281568,-0.31507447,432.0,2.2443472917470935,0.6290552130049111,1.4035935470240357,1.529882336068844,2.166251278451245,2.839039206179456,3.5800775399809006
RAROH17,0.5047058,-0.4733245,432.0,2.2443472917470935,0.6290552130049111,1.4035935470240357,1.529882336068844,2.166251278451245,2.839039206179456,3.5800775399809006
RC14O2,-0.6381045,-0.2699126,432.0,2.9617291050260075,0.7037664897519388,1.472066130934337,2.4988918642745643,3.0619977189533323,3.5003526127483355,4.033682999137883
RC16O2,-0.6268344,-0.28528497,432.0,2.961729106154845,0.7037664883033131,1.472066135608345,2.4988918642745657,3.0619977189604324,3.5003526127483404,4.033682999137886
RC18NO3,0.2170667,-0.63307995,432.0,4.930933861128951,0.007789923407880122,4.9076435294913034,4.928793020932653,4.934911018307805,4.935873125365579,4.936339044583058
RC18O2,-0.16995211,-0.4960686,432.0,2.961729105590426,0.7037664890276261,1.4720661332713412,2.4988918642745652,3.0619977189568823,3.5003526127483386,4.033682999137884
RC18OOH,0.60883856,-0.704605,432.0,4.888868894373075,0.06129111380467359,4.7117794149568635,4.866517561065125,4.919821209169028,4.92970167887152,4.934621941289255
RCOOH25,-0.3763649,-0.5038178,432.0,4.927536113322782,0.012134959265473753,4.889169917968596,4.924231067129705,4.9333620050014915,4.935230318673218,4.936158966838504
RE12NO3,0.3762654,-0.54081297,432.0,4.925092832102604,0.015530828602955194,4.877465625585286,4.9205436654644075,4.932847129810037,4.935013084758746,4.936100390474654
RE12O2,0.14653647,-0.62596864,432.0,2.842076081631051,0.6243270852899114,1.4871454037202148,2.41842112896801,2.8911345023284727,3.3007428225691884,3.8395066995250517
RE15NO3,0.5011766,-0.62096524,432.0,4.933393076431868,0.004529326131505982,4.920162292879041,4.9324671238702535,4.935778070454244,4.93622784255224,4.936436909176638
RE15O2,-0.49384063,-0.34788325,432.0,2.650593954939349,0.5494479890388682,1.4616329903317118,2.261637461580232,2.6557899763411577,3.0366688330978318,3.5815249003631418
RE18NO3,0.14471796,-0.6117372,432.0,4.934596463919514,0.0029782748488057496,4.926161736149132,4.934127398271718,4.936214186415221,4.936399458123905,4.9364842362313
RE18O2,0.16683166,-0.6281103,432.0,2.6398538077787386,0.5509265426777101,1.452196153563277,2.2454936098488503,2.643377833377129,3.0285207456695673,3.5738771724742917
RE6O2,-0.5271813,-0.34213725,432.0,2.7091354970570274,0.541124417569035,1.5119948649309458,2.3351955767053587,2.7159212261831973,3.08522925008296,3.621792015206937
RI11O2,0.05674828,-0.6137669,432.0,2.747607964728043,0.5815675545264892,1.4809352025229179,2.3398337750492564,2.7696185093565884,3.165946875224608,3.706686824291765
RI11OOH,-0.39238006,-0.49756095,432.0,4.9221150060822465,0.020744234050212574,4.8643446479487045,4.916611791719339,4.933401658426705,4.9352968407401825,4.936179927273286
RI12NO3,0.38254344,-0.68129396,432.0,4.935341609248968,0.001610421445279083,4.930183921385178,4.934930413858883,4.936112972327221,4.9363522823115895,4.936470898084871
RI12O2,-0.041948363,-0.5844981,432.0,2.8898885683119158,0.6474616209054577,1.4896787759920116,2.4546800707564014,2.9554314322390725,3.3680331613165233,3.90727452356756
RI12OOH,0.115584426,-0.60570806,432.0,4.9198022049761345,0.023632619094506292,4.853419760318822,4.91367396598695,4.932490344132358,4.934938994796168,4.936081045888113
RI13NO3,0.24275,-0.636537,432.0,4.935451985202286,0.001788337369533178,4.930303085339265,4.935425474064583,4.936403068256109,4.936473000549672,4.936504513149902
RI13O2,-0.81199723,-0.118164144,432.0,2.8898885694437655,0.6474616195084697,1.4896787805967282,2.4546800736656964,2.955431432241533,3.3680331613220846,3.907274523572952
RI13OOH,0.19394848,-0.6356833,432.0,4.922673034566814,0.020049742483682367,4.866998348418637,4.917302674505689,4.933616539877994,4.935382456298884,4.9362035761578325
RI14O2,-0.8240966,-0.12880412,432.0,2.731002933321712,0.5828565861766829,1.4684922348142044,2.3206987441984976,2.7536868942753916,3.152149327195302,3.693851839917488
RI14OOH,0.1744725,-0.62569064,432.0,4.910463517146901,0.035282561516328234,4.809401989860023,4.899316361233833,4.928811977419333,4.9334446778655145,4.935667492854384
RI15NO3,0.29546583,-0.45254922,432.0,4.934691584909076,0.0024983927472679106,4.926698774589159,4.934050091030498,4.935888525380325,4.936260900772213,4.936445513712065
RI15O2,0.023204232,-0.60926545,432.0,2.867164495559623,0.6463724871594316,1.4769863955589335,2.429222202578353,2.9304823437235155,3.345866721193304,3.8870778943660467
RI15OOH,-0.060740333,-0.5672158,432.0,4.909522638760081,0.03644666684287504,4.804934176225565,4.897893447588433,4.928425486761737,4.933289718599018,4.935624548879456
RI16AO2,-0.6343296,-0.25883725,432.0,2.746570561545162,0.5896897131098588,1.4696460375755662,2.331891810893952,2.772334783893558,3.1747770613297868,3.715760420088373
RI16NO3,-0.5863169,-0.31670249,432.0,4.934428208702074,0.003084097526772133,4.92525582878956,4.933910761252582,4.936041023579954,4.93632787838602,4.936464498071337
RI16O2,-0.83704567,-0.096403725,432.0,2.8671644971883463,0.646372485136684,1.4769864022953327,2.4292222067112226,2.930482343724681,3.3458667211959496,3.8870778943686215
RI16OOH,0.04868972,-0.56194806,432.0,4.9146430907470355,0.030084988891497206,4.8291653649522885,4.905616145635918,4.930417307076921,4.934123275507603,4.9358554226890385
RI17O2,0.083757445,-0.5918544,432.0,3.051586533059818,0.7540888407394204,1.47490203464,2.53408614411368,3.187833781614409,3.6371091597822014,4.16548247180832
RI17OOH,-0.20991427,-0.5188791,432.0,4.92385895872116,0.0185791007449449,4.872649112974982,4.918743592398477,4.9340586998194755,4.9355634720140555,4.936253565538027
RI19O2,-0.49724793,-0.043277483,432.0,2.8500426354648263,0.645571214320256,1.4672137671529082,2.4101124566995793,2.911737529947657,3.329119054410537,3.8717588089056503
RN10NO3,0.44276047,-0.6323986,432.0,4.933982898644162,0.0039408900695654175,4.923008441229506,4.933239468860091,4.9361452692123855,4.9363741015540255,4.936477244409909
RN10O2,-0.54408747,-0.5217655,432.0,2.937298578057762,0.6623376232193158,1.495157820633884,2.5083885971271256,3.0140716949687603,3.427156785233222,3.9618053090121754
RN10OOH,0.591546,-0.70312816,432.0,4.906846353303641,0.03974411842247547,4.792339461633248,4.893853510904334,4.927375005030431,4.932844518446634,4.935501108600011
RN11O2,-0.833149,-0.37092495,432.0,2.747607964728043,0.5815675545264892,1.4809352025229179,2.3398337750492564,2.7696185093565884,3.165946875224608,3.706686824291765
RN11OOH,0.6062261,-0.5982877,432.0,4.899943868900129,0.0481452677821558,4.760604069181721,4.882788171831246,4.924499014902867,4.931665975760791,4.935173893332921
RN12NO3,0.5849084,-0.6234052,432.0,4.934047065517022,0.0033767412570568337,4.923255965151343,4.933175267914947,4.935665144681567,4.936169925544727,4.936420238374365
RN12O2,-0.47588688,-0.55462027,432.0,2.8420760834013383,0.6243270831314893,1.4871454109789337,2.4184211305361805,2.891134502328476,3.3007428225691933,3.839506699525054
RN12OOH,0.38560358,-0.5862052,432.0,4.891812661429082,0.05783764685306416,4.724518264142621,4.871279791446805,4.921122296247269,4.9302383442874245,4.93477191709066
RN13AO2,-1.1265297,-0.013245332,432.0,2.8420760828112424,0.6243270838509634,1.4871454085593607,2.418421130013457,2.891134502328475,3.300742822569192,3.839506699525053
RN13NO3,0.22698517,-0.60847294,432.0,4.933723337017879,0.004265468624453136,4.921729810572185,4.932896756240421,4.936053034441983,4.936337044614769,4.936467025796507
RN13O2,-0.8113251,-0.38479832,432.0,3.015214815262383,0.7124331940851631,1.494790258665936,2.56686086857444,3.125328464574073,3.559402533573092,4.086251688350566
RN13OOH,0.23921785,-0.6202477,432.0,4.888452211738236,0.06177756552062574,4.709989703009738,4.865849154874956,4.919635657397812,4.9296250664911465,4.934600520402017
RN14O2,-1.3201523,0.06860243,432.0,2.7310029311165116,0.5828565887794677,1.4684922255427015,2.3206987429394803,2.753686894273855,3.152149327191964,3.693851839914189
RN14OOH,0.11432186,-0.6036894,432.0,4.892343398783061,0.05721187686721365,4.726832906892854,4.8720521985317875,4.92135504398715,4.930334247221474,4.934798703934613
RN15AO2,-1.2788363,-0.093397,432.0,2.821699079797376,0.6242454626461388,1.4745257958204079,2.3962135851241984,2.869674610685629,3.2818721713096526,3.8221705905448298
RN15NO3,0.50803804,-0.6735672,432.0,4.922818128908507,0.01835491397278843,4.865221735252549,4.91763279255523,4.9316402766119785,4.934525981126276,4.935962847689115
RN15O2,-0.85334176,-0.3417069,432.0,2.8216990821984598,0.6242454597047921,1.474525805809087,2.3962135872572476,2.869674610685633,3.2818721713096592,3.822170590544833
RN15OOH,0.09942674,-0.6011758,432.0,4.886691801711821,0.06382625368308832,4.702464650074349,4.862954064874824,4.91884794567655,4.929299614566772,4.934509493416563
RN16AO2,-0.49182847,-0.38687885,432.0,2.821699081633499,0.6242454603968737,1.4745258034588096,2.3962135867553536,2.869674610685632,3.2818721713096575,3.8221705905448324
RN16NO3,0.23258281,-0.606424,432.0,4.932459175279685,0.005889605318963,4.91545174240998,4.931269832434497,4.935593657186277,4.936155706251125,4.936417011841387
RN16O2,-0.61411613,-0.48248792,432.0,2.9844788557013997,0.7073720207613984,1.4819498306626833,2.527589864060137,3.088723425143259,3.525432200439713,4.056105445272094
RN16OOH,0.29519847,-0.6511352,432.0,4.881910294265646,0.06933819570798058,4.6823140879662395,4.854840873788296,4.916876039614827,4.928401102882238,4.9342579298192675
RN17O2,-0.83329713,-0.375195,432.0,2.718345876685336,0.583816507600536,1.458906801695437,2.306161883887438,2.7394617021024685,3.14154932855072,3.6839722328060986
RN17OOH,0.39556608,-0.66865396,432.0,4.890755833419841,0.05908085063095832,4.719925661899,4.869552720744308,4.920657174666925,4.930046601929375,4.9347183483588015
RN18AO2,-1.1568965,-9.4939955e-05,432.0,2.806272890040037,0.6241802048737539,1.4648077766582803,2.3794461592598766,2.85344004563175,3.2675210579830236,3.80894611145338
RN18NO3,0.48308495,-0.66149884,432.0,4.918917326714745,0.023420495899499263,4.845870409069958,4.912106445685124,4.930183328132898,4.933928672403443,4.935796350263407
RN18O2,-0.4518904,-0.5248608,432.0,2.8062728886732025,0.6241802065535637,1.4648077709126046,2.379446158043441,2.8534400456317472,3.2675210579830196,3.8089461114533782
RN18OOH,-0.24764165,-0.45362452,432.0,4.885766595084442,0.06489877649646199,4.698532964961307,4.861388661473093,4.918431499564013,4.929127415175175,4.934461310382479
RN19AO2,-1.0341573,-0.006896008,432.0,2.8062728886732025,0.6241802065535637,1.4648077709126046,2.379446158043441,2.8534400456317472,3.2675210579830196,3.8089461114533782
RN19BO2,-0.6829424,-0.23839387,432.0,2.961729106154845,0.7037664883033131,1.472066135608345,2.4988918642745657,3.0619977189604324,3.5003526127483404,4.033682999137886
RN19NO3,0.27477318,-0.58915854,432.0,4.930883424070822,0.007958116312217491,4.907556067131825,4.928843221053847,4.935033264564461,4.9359276783864,4.936354099239053
RN19O2,-0.78396,-0.3816706,432.0,2.961729106154845,0.7037664883033131,1.472066135608345,2.4988918642745657,3.0619977189604324,3.5003526127483404,4.033682999137886
RN19OOH,-0.44737077,-0.3851287,432.0,4.87695418202971,0.07497139256274735,4.661856517787941,4.847104877616285,4.91465246949147,4.927447275703711,4.933990468840403
RN20O2,-0.9160806,-0.17320877,432.0,2.708723310275078,0.5845329163646101,1.4515626735133518,2.29499344690719,2.729250500627269,3.1334444241307935,3.676407191801864
RN20OOH,0.3456401,-0.6683421,432.0,4.889182030909203,0.06092515849196741,4.713126555665636,4.86701954225269,4.919960425045473,4.929759147027305,4.934638007648075
RN21AO2,-0.47996658,-0.49731654,432.0,2.7946043102786353,0.624128912330872,1.4573640296399488,2.366165814848376,2.8411670626353653,3.256630176365801,3.7988875885755933
RN21NO3,0.19945487,-0.63451475,432.0,4.9202907548311225,0.02164476516653362,4.85263874273179,4.91405936806049,4.930699750561271,4.934140526638496,4.9358554226890385
RN21O2,-0.975942,-0.06543895,432.0,2.7946043102786353,0.624128912330872,1.4573640296399488,2.366165814848376,2.8411670626353653,3.256630176365801,3.7988875885755933
RN21OOH,0.099186294,-0.5796,432.0,4.871742687566677,0.08080878053432075,4.640793760146698,4.838667111541147,4.912214672848021,4.926419489876397,4.933701795872634
RN22AO2,-0.75803554,-0.37806416,432.0,2.7946043102786353,0.624128912330872,1.4573640296399488,2.366165814848376,2.8411670626353653,3.256630176365801,3.7988875885755933
RN22NO3,0.11832834,-0.5944665,432.0,4.92998825914599,0.009140349897749644,4.903056704473375,4.92755790261606,4.934712373561201,4.935797152218553,4.936318076467547
RN22O2,-1.0412955,-0.1693413,432.0,2.9447939623999964,0.7011588570803209,1.4644980238640204,2.4787593630364,3.042205737770152,3.481719679511369,4.0169370342128365
RN22OOH,0.09316209,-0.61178195,432.0,4.87558938432665,0.07650855003734595,4.656296954217867,4.844986284089619,4.914019132985665,4.927180579065727,4.93391560927403
RN23O2,-0.45828646,-0.46452898,432.0,2.701371456933515,0.5850723981385965,1.4459192392879245,2.2851461576338084,2.7221390692373886,3.1272259521376435,3.670596596866064
RN23OOH,0.44385302,-0.67585003,432.0,4.887621680245677,0.06274540691271654,4.70643225431297,4.864515423383945,4.919264791535255,4.929471882263393,4.934557681796933
RN24AO2,-0.6129698,-0.43082508,432.0,2.785722825250139,0.6240887805192908,1.4516452059701317,2.355825036588985,2.8318298114560374,3.248320911552836,3.7912005274416636
RN24NO3,0.44684508,-0.6479504,432.0,4.918420753688219,0.02406046072065699,4.84343511686016,4.911398463790893,4.929995690308041,4.933851660115469,4.935774871373349
RN24O2,-1.0469921,-0.17147757,432.0,2.7857228231562923,0.6240887831026398,1.4516451970514939,2.3558250352302914,2.831829811456034,3.24832091155283,3.791200527441661
RN24OOH,0.25001296,-0.62851495,432.0,4.8703197183138665,0.08238757559495959,4.635119831623885,4.836320945130438,4.911539928564336,4.9261344249476124,4.933621642978047
RN25AO2,-0.780397,-0.33485582,432.0,2.785722824203216,0.6240887818109653,1.4516452015108128,2.355825035909638,2.8318298114560356,3.2483209115528333,3.7912005274416622
RN25NO3,0.0745176,-0.56629366,432.0,4.929735344067559,0.009474682003110678,4.901766916367192,4.9272353039088275,4.9346294536202935,4.935760144473774,4.936307861598513
RN25O2,-1.0054162,-0.07464171,432.0,2.9320521273003584,0.6992393053711878,1.4586851190069432,2.4641344204588522,3.027370799394239,3.4677213889013143,4.004309174411582
RN25OOH,0.1254644,-0.60645974,432.0,4.874234264397819,0.07802885299450708,4.650807662045555,4.842764091526176,4.91338671874634,4.926914046103988,4.933840762609016
RN26O2,-0.93330055,-0.2045334,432.0,2.695620128620087,0.5854896504739604,1.44148517474097,2.277477045968362,2.716568601544431,3.122345816120313,3.6660327533369172
RN26OOH,0.29816914,-0.6389761,432.0,4.886074482009481,0.06454218617389325,4.699839575797154,4.861909834003951,4.918570270565949,4.929184807386271,4.934477370799882
RN27AO2,-0.8247077,-0.31019184,432.0,2.7787947265441453,0.6240568404772826,1.4471525922232658,2.347777633649467,2.824548837066734,3.2418276924214364,3.7851859126389282
RN27NO3,0.40054932,-0.6130586,432.0,4.917185871000547,0.025647217720441023,4.837405968794616,4.9096335420390425,4.929526950121881,4.933659189121313,4.935721178795224
RN27O2,-0.9248005,-0.024698304,432.0,2.7787947255124172,0.6240568417517584,1.447152587809839,2.3477776329830125,2.824548837066732,3.2418276924214338,3.785185912638927
RN27OOH,0.08780109,-0.59252477,432.0,4.868907093154121,0.08394857996846143,4.629519076334201,4.8339873946362,4.910866230985949,4.925849547009433,4.933541504873658
RN28AO2,-0.53731614,-0.45751578,432.0,2.7787947265441453,0.6240568404772826,1.4471525922232658,2.347777633649467,2.824548837066734,3.2418276924214364,3.7851859126389282
RN28NO3,0.1601781,-0.598349,432.0,4.9259509853286625,0.014469709023745668,4.882215161391702,4.92189056005485,4.93326925190275,4.935203153108059,4.936153055103899
RN28O2,-0.922161,-0.20382926,432.0,2.9221977216230006,0.6977794687530415,1.454119466640588,2.4530936690208613,3.0166416308622725,3.4569077283379563,3.994527187661483
RN28OOH,0.2220242,-0.6239207,432.0,4.872888644825358,0.07953266256586544,4.645386886998105,4.840553220289115,4.912755224091359,4.9266476766177165,4.933765928840914
RN29O2,-0.96002233,-0.13538708,432.0,2.6912220533017917,0.5858058830157722,1.4380831718084297,2.2716324326789312,2.7123046850204986,3.118604948864201,3.6625320988318584
RN29OOH,0.45194045,-0.6823477,432.0,4.884540147767001,0.06631606981040633,4.6933454808278405,4.8593102221047415,4.917922989629657,4.928897922145066,4.934397074651427
RN30AO2,-0.788769,-0.06753291,432.0,2.773508346574309,0.6240320992583251,1.443706084424802,2.341648245552731,2.818994793936392,3.2368665182216123,3.780585975317848
RN30NO3,0.33493662,-0.5176588,432.0,4.915960195305955,0.02721554563192469,4.831459376358296,4.907875763711633,4.929058715313852,4.933466803389223,4.935667492854384
RN30O2,-0.5716521,-0.42911088,432.0,2.773508345554012,0.624032100519809,1.4437060800462609,2.341648244895927,2.8189947939363904,3.2368665182216088,3.780585975317847
RN30OOH,-0.18012692,-0.4843075,432.0,4.867504618436879,0.08549218692700304,4.623989630940401,4.831666325009599,4.910193576870427,4.925564855816703,4.933461381554009
RN31AO2,-0.94245553,-0.2185203,432.0,2.773508345554012,0.624032100519809,1.4437060800462609,2.341648244895927,2.8189947939363904,3.2368665182216088,3.780585975317847
RN31NO3,-0.6347564,-0.320928,432.0,4.924156508067659,0.016824813996644806,4.873084639612678,4.919382767787399,4.932616640511368,4.934933591041561,4.936078359208128
RN31O2,-0.80640835,-0.26949784,432.0,2.914726877313839,0.6966869868293579,1.4506174444018594,2.445901605942256,3.007876464136716,3.4487169490121845,3.9871025107395672
RN31OOH,-0.19403143,-0.46562406,432.0,4.871552353553276,0.08102032892163871,4.640032939684753,4.8383535555218025,4.912124646350266,4.926381470406499,4.933691107965281
RN32O2,-0.47554576,-0.4581714,432.0,2.687954039692192,0.5860392624299816,1.4355490427155477,2.2673006330645507,2.7091340862556352,3.1153276247573567,3.659924999848746
RN32OOH,0.33893156,-0.61330265,432.0,4.883018399510752,0.06806761436182747,4.686947064454858,4.856726124931509,4.9173186663841015,4.928611226289404,4.93431679334608
RN33AO2,-0.8139412,-0.045300044,432.0,2.7695866898170483,0.6240135467118322,1.4411390207506147,2.3371073300009026,2.8148754822613236,3.233182476412163,3.7771677133240456
RN33NO3,0.115770265,-0.6054078,432.0,4.914743544422829,0.028765884926912386,4.825593109228567,4.906125071216369,4.928590984795355,4.933274502843693,4.935613813549191
RN33O2,-0.70329446,-0.36070007,432.0,2.7695866888051426,0.6240135479637511,1.4411390163978786,2.337107329351154,2.814875482261322,3.23318247641216,3.777167713324044
RN33OOH,-0.652005,-0.28042084,432.0,4.866112106480388,0.08701877713309543,4.6185297023854375,4.829416292005746,4.909521962990381,4.92528035112475,4.933381273013646
RN34AO2,-0.8139356,-0.06399139,432.0,2.7695866908289526,0.6240135454599133,1.441139025103351,2.337107330650651,2.814875482261325,3.233182476412165,3.777167713324047
RN34NO3,-0.6970689,-0.28851375,432.0,4.922382009748196,0.019142143937529815,4.8641421301757966,4.916633614879622,4.931998211256629,4.934664196186245,4.936003676157369
RN34O2,-0.7978937,-0.27818224,432.0,2.909211074594087,0.695888236550651,1.448009333945925,2.440586595338288,3.001416806503224,3.442673668538778,3.9816161285893297
RN34OOH,0.23610246,-0.64712024,432.0,4.870225223661843,0.08249219162204259,4.634744192436217,4.836164984107869,4.911494982864227,4.926115427270295,4.933616299977675
RN35O2,-0.4569159,-0.407613,432.0,2.685250337592022,0.5862313108104321,1.4334485001032768,2.2637238961512627,2.7065095396806553,3.112538474268851,3.657764303533916
RN35OOH,0.36440787,-0.5403099,432.0,4.881508969135681,0.06979735935268165,4.680641548265712,4.854157357888596,4.916715198251408,4.928324719569406,4.934236526878354
RN36AO2,0.15776946,-0.634524,432.0,2.7663463149545615,0.6239980859251865,1.4390113373443842,2.3333591733641375,2.8114723754868916,3.230136127309826,3.77433956359372
RN36NO3,0.39741892,-0.6407124,432.0,4.913535742138936,0.030298659951115112,4.819805026261096,4.904381407654645,4.928123757481307,4.933082287409316,4.935560140878001
RN36O2,-0.3156953,-0.48179978,432.0,2.766346316964619,0.6239980834370614,1.4390113460073115,2.3333591746521036,2.811472375486895,3.230136127309832,3.7743395635937227
RN36OOH,0.27057958,-0.5883197,432.0,4.864729375315723,0.0885287191125329,4.61313756440192,4.827191156847285,4.908851386133371,4.9249960326893785,4.933301179247117
RN37NO3,0.43093947,-0.63677895,432.0,4.920664579043285,0.02137320961557238,4.855567301256115,4.914107339331553,4.931357904864222,4.934400777245984,4.935930617398926
RN37O2,-0.7559127,-0.27972686,432.0,2.9046701072763543,0.6952356280811094,1.4458478039395355,2.436622948088664,2.9961062120901945,3.4377010421213043,3.9770964882515725
RN37OOH,0.36402455,-0.42810532,432.0,4.868907093154121,0.08394857996846143,4.629519076334201,4.8339873946362,4.910866230985949,4.925849547009433,4.933541504873658
RN8O2,-1.1423811,-0.21843864,432.0,2.770200447959602,0.5797617207647872,1.4976145141696415,2.3701586657705755,2.7911848360405984,3.184510912317302,3.723910123604014
RN8OOH,-0.0801342,-0.5523767,432.0,4.9150062726171875,0.029631633536041087,4.830859332482413,4.906262902219627,4.930565053421716,4.934181490387672,4.935871534745174
RN9NO3,0.5650308,-0.62941504,432.0,4.9347053277952275,0.0024796412383907185,4.92677232319462,4.934068723447436,4.935893279409697,4.936262836622418,4.936446051501189
RN9O2,-0.7044715,-0.40973532,432.0,2.870066378254211,0.6244306468463988,1.5040696909215714,2.4511140024525284,2.920794127326735,3.326492520377914,3.8630613760017742
RN9OOH,0.24600515,-0.63710773,432.0,4.899943868900129,0.0481452677821558,4.760604069181721,4.882788171831246,4.924499014902867,4.931665975760791,4.935173893332921
RTN10O2,0.20969601,-0.5841759,432.0,2.6505939560114933,0.5494479878215491,1.4616329948947733,2.2616374637039733,2.6557899763411585,3.0366688330978335,3.5815249003631426
RTN10OOH,0.37743673,-0.6585311,432.0,4.924705977629333,0.017534708215778384,4.876643444385452,4.920066012137175,4.934369754065049,4.935691980566411,4.936289045363413
RTN14O2,0.030765124,-0.60798115,432.0,2.8062728886732025,0.6241802065535637,1.4648077709126046,2.379446158043441,2.8534400456317472,3.2675210579830196,3.8089461114533782
RTN14OOH,0.17063077,-0.5980981,432.0,4.841415895990975,0.11313555163924693,4.52632190905712,4.788801022093406,4.89699822430389,4.91992860333734,4.931867333040088
RTN23O2,-0.57776827,-0.32192722,432.0,3.002118969656408,0.7425014119233863,1.4568402082352054,2.492376503544617,3.126605652025799,3.5778382315094808,4.113249755264032
RTN23OOH,0.32163778,-0.64710414,432.0,4.905009031309922,0.041995344164103984,4.783788482749946,4.890493487987242,4.926637766797805,4.932535082942396,4.935415257789816
RTN24O2,-0.3417368,-0.41022494,432.0,3.002118969656408,0.7425014119233863,1.4568402082352054,2.492376503544617,3.126605652025799,3.5778382315094808,4.113249755264032
RTN24OOH,0.46274316,-0.5157428,432.0,4.916834275197118,0.02734685229253344,4.839429720644522,4.908883485614784,4.931304540072235,4.934472681896638,4.935952103993283
RTN25NO3,0.20484084,-0.6370112,432.0,4.932562719369362,0.005391700930752948,4.915375080765142,4.931153179629921,4.935147533363576,4.935959013762009,4.936361626762754
RTN25O2,-1.3365452,-0.039119232,432.0,2.7100276464025472,0.5919352135088946,1.442569343030178,2.2890155125319644,2.736500169539638,3.1400333333486277,3.6865493258008497
RTN25OOH,0.5262114,-0.69939584,432.0,4.909522638760081,0.03644666684287504,4.804934176225565,4.897893447588433,4.928425486761737,4.933289718599018,4.935624548879456
RTN26O2,-1.315773,-0.049008295,432.0,1.5616342993487593,0.546143839903976,0.7556768233825902,0.9773144924036394,1.5688332122479083,2.140146790781199,2.455307496354369
RTN26OOH,0.32734543,-0.41404897,432.0,4.9150062726171875,0.029631633536041087,4.830859332482413,4.906262902219627,4.930565053421716,4.934181490387672,4.935871534745174
RTN26PAN,0.24036765,-0.63499314,432.0,3.3543629976031193,0.0001829551528674463,3.353776011254211,3.3543167025173752,3.354450599239888,3.3544776561102343,3.3544910621483033
RTN28NO3,0.28434372,-0.6481633,432.0,4.93058333653277,0.008061712109160426,4.904968273402987,4.928440968566911,4.934450445978455,4.935674735219896,4.936282594270473
RTN28O2,-0.75762665,-0.2526665,432.0,2.904954298649083,0.6913898175055658,1.4502305710351961,2.4442797083232817,2.994522075545145,3.4334572485837147,3.9726553958763624
RTN28OOH,-0.36587453,-0.4904147,432.0,4.901280235931369,0.046530918325884525,4.766666571734882,4.884426427374038,4.925068319671878,4.931897567668547,4.935238244073195
RTX22NO3,0.31829047,-0.5271488,432.0,4.930062419742492,0.00876119849590496,4.902248634495836,4.927724236331445,4.934265692078974,4.935599345605129,4.936261628880189
RTX22O2,-0.95633626,-0.30902794,432.0,2.9221977216230006,0.6977794687530415,1.454119466640588,2.4530936690208613,3.0166416308622725,3.4569077283379563,3.994527187661483
RTX22OOH,-0.011867173,-0.5598801,432.0,4.851403610829281,0.10278576163745094,4.5626066326965855,4.805426523031572,4.902201957600715,4.922163039066181,4.93250105294559
RTX24NO3,0.36659813,-0.68242544,432.0,4.926728456835633,0.013374217917099964,4.885818671988068,4.922915457797737,4.93344236169052,4.935257473632813,4.936168103313907
RTX24O2,-1.213838,-0.13113861,432.0,2.9221977198316496,0.6977794710548124,1.4541194590792201,2.453093665561451,3.016641630862268,3.4569077283379483,3.9945271876614794
RTX24OOH,0.26673675,-0.6582515,432.0,4.84223708297241,0.11229505084223848,4.529257040415852,4.790097992406088,4.897433121098855,4.920115929235299,4.931920551239289
RTX28NO3,0.17273492,-0.62313825,432.0,4.931684347525951,0.006578921149390687,4.91074264872483,4.9299518131901054,4.934839159443279,4.935833289416012,4.936326678648879
RTX28O2,-0.7619098,-0.2656049,432.0,2.6167151670819417,0.5540462491148918,1.4316843828655734,2.2189306948811214,2.622899557125331,3.010727971220552,3.5571468395868435
RTX28OOH,0.30381545,-0.6131405,432.0,4.905581083982257,0.041295553041729466,4.786442622432643,4.891494996987391,4.92687605736746,4.932631757855905,4.935442084345003
RU10AO2,-0.39204872,-0.4779469,432.0,0.24411910954151944,0.004936495512569034,0.22296288685450208,0.24463915301571623,0.24626311899495873,0.24666602646280936,0.24683686005631528
RU10NO3,0.18321095,-0.6127119,432.0,4.920355490245729,0.028998714377844275,4.843873845424501,4.919372885859561,4.936248980605427,4.936413892524923,4.936488216241443
RU10O2,-0.67872906,-0.42109203,432.0,2.686088879079099,0.5559760082920328,1.4758660799458956,2.295827891174986,2.69464040358395,3.0776866369138514,3.621080938427485
RU10OOH,-0.026756782,-0.57630706,432.0,4.8856640800581586,0.06501743721251728,4.698098300124254,4.861215076611181,4.918385252416125,4.92910828612345,4.934455957041991
RU11NO3,0.26593888,-0.63321805,432.0,4.886517977556429,0.06305938351985131,4.698668528593998,4.864029396569651,4.916921955245291,4.928437413714691,4.9342579298192675
RU11O2,-0.45024323,-0.42568478,432.0,2.573499995494567,0.5205215243074106,1.453431094127549,2.2033645475033694,2.563362502057988,2.9336096374704743,3.475238993277892
RU11OOH,0.38815746,-0.64194596,432.0,4.848077212192625,0.10626382811746991,4.550377900875827,4.799734831807059,4.900489654180688,4.921429477819512,4.932293261342825
RU12NO3,0.08288232,-0.6133233,432.0,4.8618208266741325,0.12923648772281368,4.54312625270798,4.840899317915349,4.935246458575486,4.936029009323239,4.936382059270514
RU12O2,-0.60801977,-0.44121405,432.0,2.1550467299536074,0.23084953587301787,1.4242463287173448,2.1067478416942516,2.2602638358649747,2.310608524493788,2.333886691904162
RU12OOH,0.19482006,-0.62127644,432.0,4.889182030909203,0.06092515849196741,4.713126555665636,4.86701954225269,4.919960425045473,4.929759147027305,4.934638007648075
RU14NO3,-0.040101673,-0.5737183,432.0,4.898991479371454,0.04838297849082602,4.752954716747686,4.882210718805018,4.922463693734434,4.9307180708761384,4.934905867835336
RU14O2,-0.79750466,-0.38331363,432.0,2.1101772365167797,0.22720042556150283,1.4003819263362993,2.024440805366585,2.1954317153699794,2.2725066291719327,2.3136843953656094
RU14OOH,0.38548806,-0.65687394,432.0,4.8584582668602305,0.09435251185211165,4.586906031382542,4.819887707756301,4.903788559251183,4.92290207394416,4.932692948761896
RUA20O2,-0.48496965,-0.35920945,432.0,2.785722824203216,0.6240887818109653,1.4516452015108128,2.355825035909638,2.8318298114560356,3.2483209115528333,3.7912005274416622
RUA20OOH,0.18318357,-0.62400573,432.0,4.863265043915514,0.09012137570063976,4.607458798520495,4.824830188046357,4.90813724357991,4.924692964713206,4.933215762174062
SBUTACET,0.5444229,-0.66548675,432.0,4.928782123830501,0.010474799295707491,4.895597734924293,4.925957495294004,4.933809307488911,4.935413034552997,4.93620980564696
STYRENE,-0.6716295,-0.26068634,432.0,4.830719220547632,0.0844673060338892,4.590591791383555,4.801690667349824,4.860923489293464,4.894877008140309,4.914208846181628
TBUACET,0.22957486,-0.23397227,432.0,4.935823406588143,0.0009508768763879936,4.932775551316522,4.935581623418671,4.93627878657286,4.936419774095817,4.936489643778064
TBUT2ENE,-0.18791607,-0.47070068,432.0,4.577196335133299,0.1407244942187133,4.257292485717139,4.4867748023758915,4.592427208529912,4.690542669291307,4.822532632278405
TBUTOL,0.6540197,-0.53279793,432.0,4.9350409666114405,0.0020213823483379175,4.928570385833853,4.934523502820856,4.936009268491446,4.9363100637148625,4.936459170893613
THEX2ENE,0.059747394,-0.6003722,432.0,4.612805847230276,0.1323502963124955,4.306254054527973,4.53071916333637,4.630786105137949,4.719672510566064,4.837691431878525
TM123B,0.5720238,-0.42847434,432.0,4.8964851824339855,0.05129925897913142,4.741615424716528,4.879197416428026,4.921220963835381,4.930228309257592,4.9347612028156735
TM124B,0.66005254,-0.49156353,432.0,4.8967033547381575,0.05103774665396888,4.742576959486344,4.879525966364316,4.921312896049749,4.93026649377001,4.93477191709066
TM135B,0.5931755,-0.63645905,432.0,4.872026936417274,0.07953787285045684,4.639391719858285,4.84147324294784,4.9103280243716325,4.925670371075259,4.933477405035422
TNCARB10,0.037254,-0.60339946,432.0,4.710804626346836,0.3005265259378581,4.070589251160522,4.506690944900625,4.8883588272692595,4.917396586428018,4.9311583235340875
TNCARB15,0.5980719,-0.46080086,432.0,4.935131975221428,0.0018970271773222176,4.929058529999972,4.934646725223936,4.936040680138435,4.93632285225917,4.936462723294372
TNCARB26,-0.27028367,-0.4943742,432.0,4.878283584799043,0.07457115171393704,4.6691644635462985,4.848260703110189,4.916451689022916,4.928300634794761,4.934231487352804
TOLUENE,0.33175734,-0.65195036,432.0,4.928875558637926,0.010350009318473977,4.8960815183428865,4.926086677988841,4.933842724640702,4.935426680453941,4.936213601858607
TPENT2ENE,-0.13830143,-0.50353944,432.0,4.609232393528634,0.13455684099782964,4.296437469491507,4.52836795986705,4.62795344303596,4.717777133454674,4.83663220376743
TXCARB22,0.40448394,-0.6220211,432.0,4.930315981253587,0.008420881122736546,4.9035714594355735,4.928073265817236,4.934355690570805,4.935636072244191,4.9362718426618475
TXCARB24,0.28546616,-0.6127019,432.0,4.9163269422377995,0.02674695578555281,4.833234820220106,4.908402350590546,4.929199132756397,4.933524510160828,4.9356835979398195
UCARB10,-0.5916995,-0.468676,432.0,4.895770223460538,0.042218502566738196,4.77064973836072,4.880250680824043,4.9142537863548155,4.925430696565467,4.930459299829481
UCARB12,-0.5713594,-0.46818826,432.0,4.812678860804486,0.09351089814575152,4.554101785625039,4.776863351444004,4.845547483744927,4.884500085806679,4.91039327991112
UDCARB11,-0.41510722,-0.45079172,432.0,4.732580971273428,0.29056460151847324,4.112344911344909,4.53240432187714,4.9090168778425,4.925763658414144,4.933525479027124
UDCARB14,-0.387734,-0.4637587,432.0,4.725450698055221,0.29347306005468504,4.098020248950343,4.522033663020053,4.902288130584708,4.923069243583983,4.932767597955221
UDCARB17,-0.13552554,-0.54703975,432.0,4.725450698055221,0.29347306005468504,4.098020248950343,4.522033663020053,4.902288130584708,4.923069243583983,4.932767597955221
UDCARB20,-0.017119238,-0.5781505,432.0,4.725450698055221,0.29347306005468504,4.098020248950343,4.522033663020053,4.902288130584708,4.923069243583983,4.932767597955221
UDCARB8,-0.1853781,-0.52770877,432.0,4.734523306172978,0.28978305083470624,4.116214575908318,4.5362682640395855,4.910835352690359,4.926487543301649,4.933728516791817
