,CH3NO3,CH3OH,O1D,O3,NO2,NO3,N2O5,H2O2,TEMP,NO,NA,CH4,HO2NO2,LMP2,PRESS,LMP1,HSO3,CO,CL,O,HNO3,SO3,SO2,HO2,OH,H2,HONO,H2O,TIME,CH3OOH,SA
0,0.0,0.0,0.0,1.70430932036e+11,78149939660.5,0.0,0.0,0.0,298.0,1.07198571321e+11,0.0,2.13184975322e+11,0.0,0.0,1013.0,0.0,0.0,1.35612348476e+11,0.0,0.0,0.0,0.0,0.0,0.0,0.0,1.23110166372e+13,0.0,2.46220332744e+17,0.0,0.0,0.0
1,0.0,0.0,0.00480557474912,1.53710083013e+11,93506176379.1,206452.060183,530290.287076,0.0,298.0,90501534981.4,4931130.53455,2.13183757691e+11,73523.480623,0.0,1013.0,1217630.8161,0.0,1.35584577797e+11,0.0,3580.91938259,766854142.379,0.0,0.0,64833.3799514,401997.160107,1.23109427018e+13,567673792.059,2.46220332744e+17,15791451.84,0.0,0.0
2,0.0,0.0,0.0020774754297,1.3765467769e+11,1.08756031455e+11,262279.722965,782856.938073,0.0,298.0,74630870798.4,17216470.0837,2.13183023258e+11,53383.9962625,0.0,1013.0,1952063.69376,0.0,1.35567830155e+11,0.0,2547.38181571,1290714631.07,0.0,0.0,40419.5962393,208519.458043,1.23108981065e+13,651796249.228,2.46220332744e+17,15793251.84,0.0,0.0
3,0.0,0.0,0.000775018618473,1.19057072321e+11,1.26942027699e+11,354927.021553,1235492.06862,0.0,298.0,56190931208.2,34273818.5037,2.13182674594e+11,35126.789853,0.0,1013.0,2300727.7326,0.0,1.35559880098e+11,0.0,1550.41040079,1570827112.55,0.0,0.0,22772.374444,89379.7507806,1.23108769354e+13,607590105.52,2.46220332744e+17,15795051.84,0.0,0.0
4,0.0,0.0,0.000243697835229,99034173245.2,1.46779688086e+11,534101.957779,2146183.16351,0.0,298.0,36261216314.9,54337280.233,2.1318253582e+11,22133.4069455,0.0,1013.0,2439501.96694,0.0,1.35556715965e+11,0.0,730.741435653,1689758680.48,0.0,0.0,12406.2968637,31774.044404,1.23108685089e+13,558662018.201,2.46220332744e+17,15796851.84,0.0,0.0
5,0.0,0.0,0.0,74908212703.3,1.70830306068e+11,1381588.74722,6332026.86922,0.0,298.0,12174877696.6,77553012.7028,2.13182497685e+11,0.221101943269,0.0,1013.0,2477637.2555,0.0,1.35555846471e+11,0.0,-1.94950558074e-232,1713843970.13,0.0,0.0,0.0674119983337,0.00367314105885,1.23108661933e+13,537884591.259,2.46220332744e+17,15798651.84,0.0,0.0
6,0.0,0.0,0.0,63878419569.6,1.81663269647e+11,10194758.729,49898347.3881,0.0,298.0,1214894375.62,127036866.445,2.13182497685e+11,2.15002589787e-09,0.0,1013.0,2477637.25572,0.0,1.35555846471e+11,0.0,0.0,1695434048.05,0.0,0.0,9.30484376815e-10,5.08344018272e-12,1.23108661933e+13,537884591.277,2.46220332744e+17,15800451.84,0.0,0.0
7,0.0,0.0,0.0,62341521516.2,1.82155177903e+11,53809358.3312,266376105.234,0.0,298.0,48847130.4498,342817905.143,2.13182497685e+11,3.03211212178e-10,0.0,1013.0,2477637.25572,0.0,1.35555846471e+11,0.0,0.0,1677221883.04,0.0,0.0,1.37044118928e-10,5.39047255219e-14,1.23108661933e+13,537884591.277,2.46220332744e+17,15802251.84,0.0,0.0
8,0.0,0.0,0.0,61605318913.3,1.80950549268e+11,112295578.24,557909760.288,0.0,298.0,3405954.20928,969350717.768,2.13182497685e+11,2.24157374986e-10,0.0,1013.0,2477637.25572,0.0,1.35555846471e+11,0.0,0.0,1659205351.1,0.0,0.0,1.02063599818e-10,3.20754687295e-14,1.23108661933e+13,537884591.277,2.46220332744e+17,15804051.84,0.0,0.0
9,0.0,0.0,0.0,60899154830.2,1.79680353284e+11,144047378.506,712789604.533,0.0,298.0,3522716.82373,1915741450.84,2.13182497685e+11,1.56721724404e-10,0.0,1013.0,2477637.25572,0.0,1.35555846471e+11,0.0,0.0,1641382350.75,0.0,0.0,7.18190597762e-11,2.74874330751e-14,1.23108661933e+13,537884591.277,2.46220332744e+17,15805851.84,0.0,0.0
10,0.0,0.0,0.0,60205652834.3,1.7843760267e+11,159388971.526,784098717.671,0.0,298.0,3592114.88696,3018094395.06,2.13182497685e+11,1.04301491784e-10,0.0,1013.0,2477637.25572,0.0,1.35555846471e+11,0.0,0.0,1623750803.09,0.0,0.0,4.81152787698e-11,2.00727812192e-14,1.23108661933e+13,537884591.277,2.46220332744e+17,15807651.84,0.0,0.0
11,0.0,0.0,0.0,59524614791.2,1.77219590649e+11,166308453.571,812940566.413,0.0,298.0,3608866.57906,4188928636.43,2.13182497685e+11,6.77787463071e-11,0.0,1013.0,2477637.25572,0.0,1.35555846471e+11,0.0,0.0,1606308651.57,0.0,0.0,3.14774371795e-11,1.3658348443e-14,1.23108661933e+13,537884591.277,2.46220332744e+17,15809451.84,0.0,0.0
12,0.0,0.0,0.0,58855769678.2,1.76024561292e+11,168914903.434,820299848.401,0.0,298.0,3604254.59385,5383892381.89,2.13182497685e+11,4.35737404504e-11,0.0,1013.0,2477637.25572,0.0,1.35555846471e+11,0.0,0.0,1589053861.71,0.0,0.0,2.03724442055e-11,8.99435404707e-15,1.23108661933e+13,537884591.277,2.46220332744e+17,15811251.84,0.0,0.0
13,0.0,0.0,0.0,58198823045.5,1.7485136434e+11,169319639.299,816876965.634,0.0,298.0,3590004.27051,6580614055.08,2.13182497685e+11,2.79001985304e-11,0.0,1013.0,2477637.25572,0.0,1.35555846471e+11,0.0,0.0,1571984420.89,0.0,0.0,1.31317419407e-11,5.83525456189e-15,1.23108661933e+13,537884591.277,2.46220332744e+17,15813051.84,0.0,0.0
14,0.0,0.0,0.0,57553477732.8,1.73699159577e+11,168607702.084,808127665.38,0.0,298.0,3571255.68096,7767934186.46,2.13182497685e+11,1.78543268401e-11,0.0,1013.0,2477637.25572,0.0,1.35555846471e+11,0.0,0.0,1555098338.12,0.0,0.0,8.45924969472e-12,3.76259810071e-15,1.23108661933e+13,537884591.277,2.46220332744e+17,15814851.84,0.0,0.0
15,0.0,0.0,0.0,56919441004.9,1.72567270451e+11,167336843.064,796832677.735,0.0,298.0,3550447.09062,8940409649.5,2.13182497685e+11,1.14394137293e-11,0.0,1013.0,2477637.25572,0.0,1.35555846471e+11,0.0,0.0,1538393643.78,0.0,0.0,5.45554680968e-12,2.42205590822e-15,1.23108661933e+13,537884591.277,2.46220332744e+17,15816651.84,0.0,0.0
16,0.0,0.0,0.0,56296427319.0,1.71455110817e+11,165793762.557,784407545.141,0.0,298.0,3528781.20937,10095509549.4,2.13182497685e+11,7.34480806828e-12,0.0,1013.0,2477637.25572,0.0,1.35555846471e+11,0.0,0.0,1521868389.42,0.0,0.0,3.52559394488e-12,1.56003044771e-15,1.23108661933e+13,537884591.277,2.46220332744e+17,15818451.84,0.0,0.0
17,0.0,0.0,0.0,55684159387.5,1.70362148006e+11,164125743.152,771570681.129,0.0,298.0,3506862.00634,11232183769.1,2.13182497685e+11,4.72792372019e-12,0.0,1013.0,2477637.25572,0.0,1.35555846471e+11,0.0,0.0,1505520647.51,0.0,0.0,2.28407402027e-12,1.00655364897e-15,1.23108661933e+13,537884591.277,2.46220332744e+17,15820251.84,0.0,0.0
18,0.0,0.0,0.0,55082368497.0,1.69287884022e+11,162408314.313,758684352.074,0.0,298.0,3484994.13143,12350131844.3,2.13182497685e+11,3.05189593158e-12,0.0,1013.0,2477637.25572,0.0,1.35555846471e+11,0.0,0.0,1489348511.24,0.0,0.0,1.4837740975e-12,6.50953914414e-16,1.23108661933e+13,537884591.277,2.46220332744e+17,15822051.84,0.0,0.0
19,0.0,0.0,0.0,54490794485.0,1.68231845814e+11,160680057.608,745928843.742,0.0,298.0,3463330.11344,13449429407.4,2.13182497685e+11,1.97570425568e-12,0.0,1013.0,2477637.25572,0.0,1.35555846471e+11,0.0,0.0,1473350094.27,0.0,0.0,9.66604991883e-13,4.22084544448e-16,1.23108661933e+13,537884591.277,2.46220332744e+17,15823851.84,0.0,0.0
20,0.0,0.0,0.000209697441962,81516262053.5,1.43243545775e+11,590865.94088,2366985.48545,0.0,298.0,26334859569.8,13751560059.7,2.13182458868e+11,28802.0380165,0.0,1013.0,2516454.48509,0.0,1.35554961435e+11,0.0,739.956440266,1500701933.44,0.0,0.0,16598.0950772,31283.7660914,1.23108638363e+13,512490004.658,2.46220332744e+17,15825651.84,0.0,0.0
21,0.0,0.0,0.000709756760345,1.04882452008e+11,1.19716258043e+11,332117.70661,1105039.78735,0.0,298.0,49783901567.9,13770558318.7,2.13182327223e+11,33902.6730063,0.0,1013.0,2648098.64686,0.0,1.35551959976e+11,0.0,1500.87065448,1607957682.27,0.0,0.0,23456.8406035,82491.0054731,1.23108558427e+13,467259270.113,2.46220332744e+17,15827451.84,0.0,0.0
22,0.0,0.0,0.00193954966837,1.24160046256e+11,1.00084105986e+11,234303.808197,650847.187173,0.0,298.0,69182175275.2,13790253712.4,2.13182010947e+11,47385.3693508,0.0,1013.0,2964375.34652,0.0,1.355447492e+11,0.0,2395.47523479,1839033674.15,0.0,0.0,39257.661421,189618.202374,1.23108366382e+13,451358950.641,2.46220332744e+17,15829251.84,0.0,0.0
23,0.0,0.0,0.00450265685759,1.39693917351e+11,83833387106.3,179004.678663,416125.990013,0.0,298.0,84852758768.9,13813022273.9,2.13181301098e+11,72364.7026584,0.0,1013.0,3674223.59316,0.0,1.35528566764e+11,0.0,3272.77448292,2285430747.92,0.0,0.0,71619.046394,420372.082799,1.23107935357e+13,562828463.326,2.46220332744e+17,15831051.84,0.0,0.0
24,0.0,0.0,0.00909902504042,1.50812689044e+11,71340514682.6,144665.26632,285945.67369,0.0,298.0,96105646647.3,13842253931.6,2.13179750043e+11,117761.404549,0.0,1013.0,5225278.82901,0.0,1.35493213836e+11,0.0,3995.80537992,3120981154.28,0.0,0.0,137015.044481,904960.658741,1.23106993546e+13,938280247.781,2.46220332744e+17,15832851.84,0.0,0.0
25,0.0,0.0,0.0162139840954,1.57991355861e+11,61706962857.1,121659.488183,207880.885578,0.0,298.0,1.03424952236e+11,13883686846.1,2.13176519403e+11,191955.984799,0.0,1013.0,8455919.5066,0.0,1.35419607194e+11,0.0,4522.10343194,4626772328.05,0.0,0.0,258146.467434,1827459.1198,1.2310503188e+13,1705407336.71,2.46220332744e+17,15834651.84,0.0,0.0
26,0.0,0.0,0.025860338541,1.61822522478e+11,53878509171.5,105204.751339,156899.957468,0.0,298.0,1.07444895516e+11,13946483403.9,2.13170303737e+11,298600.100549,0.0,1013.0,14671585.4011,0.0,1.35278099315e+11,0.0,4844.58424258,7153834377.02,0.0,0.0,459695.554438,3374406.87759,1.23101257692e+13,2924070908.45,2.46220332744e+17,15836451.84,0.0,0.0
27,0.0,0.0,0.0374874599309,1.62700352165e+11,47125569735.1,93280.452186,121641.018345,0.0,298.0,1.0861328891e+11,14043522236.4,2.13159411461e+11,433850.373912,0.0,1013.0,25563861.0528,0.0,1.35030468799e+11,0.0,4969.00886607,11023698704.4,0.0,0.0,763204.486758,5664197.18747,1.23094643853e+13,4541660982.82,2.46220332744e+17,15838251.84,0.0,0.0
28,0.0,0.0,0.0500846354441,1.6098040244e+11,41052844871.4,85617.3184556,97215.6111335,0.0,298.0,1.07311086028e+11,14190419360.1,2.13142003677e+11,586174.213687,0.0,1013.0,42971644.7579,0.0,1.34635626024e+11,0.0,4913.75226475,16404282516.9,0.0,0.0,1183126.85629,8693729.57207,1.23084073805e+13,6389011982.79,2.46220332744e+17,15840051.84,0.0,0.0
29,0.0,0.0,0.0624811024259,1.57133052708e+11,35524196815.5,83091.1446669,81579.9781574,0.0,298.0,1.03965745983e+11,14403354544.9,2.13116414671e+11,739950.35102,0.0,1013.0,68560650.8559,0.0,1.34057253851e+11,0.0,4713.2255935,23225725138.8,0.0,0.0,1725385.53712,12329671.0708,1.23068536179e+13,8228502298.37,2.46220332744e+17,15841851.84,0.0,0.0
30,0.0,0.0,0.0736110695888,1.51780346623e+11,30553348380.0,87096.4343697,73476.8467366,0.0,298.0,99073955923.8,14696461683.6,2.13081428553e+11,880715.38122,0.0,1013.0,103546768.822,0.0,1.33270391834e+11,0.0,4413.54901044,31188820151.1,0.0,0.0,2386852.74583,16340441.3669,1.23047292789e+13,9834810077.62,2.46220332744e+17,15843651.84,0.0,0.0
31,0.0,0.0,0.0826275747927,1.45621194071e+11,26210287327.5,98892.7421212,71503.8149482,0.0,298.0,93157361010.7,15079760629.9,2.13036486168e+11,998811.723555,0.0,1013.0,148489154.044,0.0,1.32266192169e+11,0.0,4062.88886428,39849513720.7,0.0,0.0,3155134.99057,20438521.6565,1.23020004269e+13,11050347580.8,2.46220332744e+17,15845451.84,0.0,0.0
32,0.0,0.0,0.0894053317024,1.39332768997e+11,22509437035.9,119217.762478,73986.9305424,0.0,298.0,86704352568.1,15558261227.8,2.12981665812e+11,1093244.02181,0.0,1013.0,203309510.011,0.0,1.31051232897e+11,0.0,3703.19805362,48747349342.7,0.0,0.0,4020727.43249,24410545.1104,1.22986718355e+13,11827750371.5,2.46220332744e+17,15847251.84,0.0,0.0
33,0.0,0.0,0.093957474778,1.33434945652e+11,19424576259.8,148283.670301,79386.6140532,0.0,298.0,80079946417.6,16132405725.1,2.1291746734e+11,1167534.49972,0.0,1013.0,267507982.009,0.0,1.29642218975e+11,0.0,3362.23084575,57506663699.4,0.0,0.0,4976171.44259,28106558.8418,1.22947738782e+13,12203444288.2,2.46220332744e+17,15849051.84,0.0,0.0
34,0.0,0.0,0.0963457756261,1.28275386489e+11,16901094087.6,185661.094584,86474.5632248,0.0,298.0,73544753307.4,16799163267.3,2.12844740482e+11,1226423.68169,0.0,1013.0,340234840.225,0.0,1.28063814409e+11,0.0,3054.50056782,65860687302.4,0.0,0.0,6008145.54438,31394023.0509,1.22903581735e+13,12241227983.0,2.46220332744e+17,15850851.84,0.0,0.0
35,0.0,0.0,0.096743987762,1.24042032845e+11,14867161310.0,230371.029214,94388.4057394,0.0,298.0,67267365074.4,17553184178.7,2.12764622675e+11,1274668.23014,0.0,1013.0,420352647.155,0.0,1.263466271e+11,0.0,2785.23289402,73644685500.8,0.0,0.0,7099302.88992,34172072.6334,1.22854938077e+13,12014421101.7,2.46220332744e+17,15852651.84,0.0,0.0
36,0.0,0.0,0.0953466973442,1.20799420995e+11,13242055342.9,280944.902027,102538.358181,0.0,298.0,61349827933.9,18387800221.9,2.1267845753e+11,1315756.05932,0.0,1013.0,506517791.722,0.0,1.24524808289e+11,0.0,2553.81580892,80774891644.6,0.0,0.0,8227814.21189,36367590.0777,1.2280262382e+13,11592134060.6,2.46220332744e+17,15854451.84,0.0,0.0
37,0.0,0.0,0.0923037573658,1.18522316853e+11,11950679811.6,335351.16771,110476.792168,0.0,298.0,55847284786.9,19295754028.6,2.12587744414e+11,1351133.0725,0.0,1013.0,597230907.569,0.0,1.22634428357e+11,0.0,2356.27744026,87221755268.6,0.0,0.0,9362013.92225,37912824.3384,1.2274754949e+13,11031129648.0,2.46220332744e+17,15856251.84,0.0,0.0
38,0.0,0.0,0.0877084948218,1.17123621629e+11,10932485789.3,390692.628339,117757.245911,0.0,298.0,50788312603.6,20269643750.0,2.124941867e+11,1379792.13835,0.0,1013.0,690788622.49,0.0,1.20714000663e+11,0.0,2187.320909,92984568886.9,0.0,0.0,10451080.0602,38719827.563,1.22690749396e+13,10371493952.6,2.46220332744e+17,15858051.84,0.0,0.0
39,0.0,0.0,0.081642984185,1.16476972781e+11,10137611036.3,443146.245493,123870.868708,0.0,298.0,46185823904.6,21302144213.1,2.12399697769e+11,1398648.21476,0.0,1013.0,785277552.637,0.0,1.18804142458e+11,0.0,2041.10817404,98076602401.0,0.0,0.0,11424217.1992,38699241.6789,1.22633385256e+13,9644239890.34,2.46220332744e+17,15859851.84,0.0,0.0
40,0.0,0.0,0.0742436722673,1.16429742591e+11,9528873329.81,488005.970056,128252.881001,0.0,298.0,42043507565.5,22386104414.4,2.12306390274e+11,1403257.47482,0.0,1013.0,878585048.227,0.0,1.16947003777e+11,0.0,1912.37818042,1.02515894318e+11,0.0,0.0,12191833.4244,37773858.3447,1.22576739652e+13,8871983584.92,2.46220332744e+17,15861651.84,0.0,0.0
41,0.0,0.0,0.0657475179351,1.16809055417e+11,9082592510.63,520215.132999,130344.275032,0.0,298.0,38352965008.3,23514576669.3,2.1221651787e+11,1388477.2472,0.0,1013.0,968457452.367,0.0,1.15184933431e+11,0.0,1796.00201861,1.06322141134e+11,0.0,0.0,12653232.0079,35906024.9816,1.22522180654e+13,8074066278.02,2.46220332744e+17,15863451.84,0.0,0.0
42,0.0,0.0,0.056368926045,1.17425641436e+11,8791189624.09,534259.415361,129602.461747,0.0,298.0,35093463062.5,24680832413.9,2.12132410163e+11,1348484.73786,0.0,1013.0,1052565158.76,0.0,1.13559283796e+11,0.0,1686.9485506,1.09515933274e+11,0.0,0.0,12691985.8719,33060615.8485,1.22471122318e+13,7264950657.85,2.46220332744e+17,15865251.84,0.0,0.0
43,0.0,0.0,0.0463555331716,1.18082292867e+11,8662563374.16,524900.553282,125518.336348,0.0,298.0,32241119819.0,25878350167.5,2.12056462632e+11,1276921.12104,0.0,1013.0,1128512690.52,0.0,1.12110534088e+11,0.0,1580.81186339,1.1211468073e+11,0.0,0.0,12190978.3394,29238667.0876,1.22425018584e+13,6449744032.06,2.46220332744e+17,15867051.84,0.0,0.0
44,0.0,0.0,0.0363209866989,1.18589783945e+11,8712585095.2,490987.535931,118130.213968,0.0,298.0,29758413069.1,27100792816.9,2.11990814002e+11,1172527.65662,0.0,1013.0,1194161319.67,0.0,1.10872733586e+11,0.0,1474.3743192,1.14136855937e+11,0.0,0.0,11123795.892,24657063.9385,1.22385167455e+13,5637964288.16,2.46220332744e+17,15868851.84,0.0,0.0
45,0.0,0.0,0.0268459188228,1.18772873546e+11,8979655402.39,435452.384528,108016.939139,0.0,298.0,27575764582.4,28342058694.4,2.11936934386e+11,1038404.26333,0.0,1013.0,1248040935.68,0.0,1.09866772543e+11,0.0,1363.99806633,1.1560739787e+11,0.0,0.0,9552663.40095,19629901.8272,1.22352461024e+13,4841944541.62,2.46220332744e+17,15870651.84,0.0,0.0
46,0.0,0.0,0.0184976672679,1.18479904734e+11,9531443857.98,366082.687895,96408.3958344,0.0,298.0,25587749708.0,29596346076.6,2.11895411461e+11,882649.256477,0.0,1013.0,1289563861.36,0.0,1.09097576704e+11,0.0,1245.70694546,1.16556839022e+11,0.0,0.0,7645060.01349,14575227.9526,1.22327255741e+13,4074690768.35,2.46220332744e+17,15872451.84,0.0,0.0
47,0.0,0.0,0.0117324230401,1.17580518039e+11,10476881427.1,294900.217521,85361.029234,0.0,298.0,23632866472.1,30858224768.6,2.11865740443e+11,718285.255547,0.0,1013.0,1319234879.1,0.0,1.08551142395e+11,0.0,1114.43510608,1.17023389938e+11,0.0,0.0,5656273.83585,9956122.269,1.22309244969e+13,3355964468.62,2.46220332744e+17,15874251.84,0.0,0.0
48,0.0,0.0,0.0067653294093,1.15946707553e+11,11982547695.4,235993.542424,78064.9260154,0.0,298.0,21474647567.2,32122731305.6,2.11846346681e+11,560871.074899,0.0,1013.0,1338628641.09,0.0,1.08195417316e+11,0.0,962.94942545,1.17054871837e+11,0.0,0.0,3859571.93302,6172140.65851,1.22297472723e+13,2712759582.01,2.46220332744e+17,15876051.84,0.0,0.0
49,0.0,0.0,0.00351603649025,1.13425978705e+11,14278473578.1,203267.12351,79956.5104025,0.0,298.0,18797916406.8,33385484330.9,2.11834894587e+11,424856.588676,0.0,1013.0,1350080735.14,0.0,1.07985892663e+11,0.0,783.07561065,1.16710367787e+11,0.0,0.0,2452680.99456,3434602.17833,1.2229052119e+13,2175480842.35,2.46220332744e+17,15877851.84,0.0,0.0
50,0.0,0.0,0.00164127020292,1.09895694216e+11,17570623082.7,212317.838364,102434.115537,0.0,298.0,15307901386.9,34642811517.3,2.11828832335e+11,319266.562564,0.0,1013.0,1356142986.72,0.0,1.07875138939e+11,0.0,571.272392207,1.1605941366e+11,0.0,0.0,1497702.10513,1710124.6265,1.22286841352e+13,1767024882.01,2.46220332744e+17,15879651.84,0.0,0.0
51,0.0,0.0,0.000678359218915,1.05580532145e+11,21695844202.7,291433.380408,173031.115155,0.0,298.0,11093292648.5,35891847855.6,2.11825952445e+11,242464.173494,0.0,1013.0,1359022877.27,0.0,1.07822563752e+11,0.0,345.621756456,1.15175790152e+11,0.0,0.0,921236.03784,763814.910204,1.22285093236e+13,1490856163.19,2.46220332744e+17,15881451.84,0.0,0.0
52,0.0,0.0,0.000244199120006,1.00954841335e+11,26202535102.3,539101.287444,385206.695673,0.0,298.0,6551380357.03,37130585339.6,2.11824742011e+11,187567.762291,0.0,1013.0,1360233310.59,0.0,1.07800473556e+11,0.0,154.623685803,1.14129087163e+11,0.0,0.0,590130.440689,289607.954062,1.22284358494e+13,1333425937.43,2.46220332744e+17,15883251.84,0.0,0.0
53,0.0,0.0,0.0,96000982791.2,31102969308.2,2283061.70397,1885509.74206,0.0,298.0,1634977865.64,38358114934.6,2.11824391794e+11,1584.12192888,0.0,1013.0,1360583528.0,0.0,1.07794082971e+11,0.0,0.0,1.12968403009e+11,0.0,0.0,3696.82654129,115.087057829,1.22284145909e+13,1277990199.11,2.46220332744e+17,15885051.84,0.0,0.0
54,0.0,0.0,0.0,94358154733.0,32599128422.5,29048053.7317,25506364.6126,0.0,298.0,50537733.0808,39585880408.1,2.11824391774e+11,21.7187407214,0.0,1013.0,1360583548.49,0.0,1.07794082597e+11,0.0,0.0,1.1175491334e+11,0.0,0.0,54.6914482709,0.0873533804678,1.22284145897e+13,1277990273.52,2.46220332744e+17,15886851.84,0.0,0.0
55,0.0,0.0,0.0,94132722769.1,32376793069.2,98137825.134,86942730.6332,0.0,298.0,616986.886596,40866632904.2,2.11824391773e+11,12.8683128526,0.0,1013.0,1360583548.61,0.0,1.07794082595e+11,0.0,0.0,1.10554454449e+11,0.0,0.0,32.6716414941,0.0415512546209,1.22284145897e+13,1277990272.85,2.46220332744e+17,15888651.84,0.0,0.0
56,0.0,0.0,0.0,93939184003.3,32064087799.6,152999632.705,134867450.277,0.0,298.0,569345.528666,42216238276.6,2.11824391773e+11,6.48007935228,0.0,1013.0,1360583548.7,0.0,1.07794082593e+11,0.0,0.0,1.09366890748e+11,0.0,0.0,16.5813585237,0.0290899112077,1.22284145897e+13,1277990272.36,2.46220332744e+17,15890451.84,0.0,0.0
57,0.0,0.0,0.0,93747812390.3,31744764375.5,190460646.02,166493282.143,0.0,298.0,601438.668296,43609623965.9,2.11824391773e+11,2.73837081808,0.0,1013.0,1360583548.75,0.0,1.07794082592e+11,0.0,0.0,1.08192083716e+11,0.0,0.0,7.06832515636,0.0147921902874,1.22284145897e+13,1277990272.06,2.46220332744e+17,15892251.84,0.0,0.0
58,0.0,0.0,0.0,93558671810.7,31422430563.4,216009265.444,187059571.476,0.0,298.0,614547.486888,45027450863.6,2.11824391773e+11,1.02720109725,0.0,1013.0,1360583548.78,0.0,1.07794082592e+11,0.0,0.0,1.07029896326e+11,0.0,0.0,2.67625633096,0.00623823656621,1.22284145897e+13,1277990271.92,2.46220332744e+17,15894051.84,0.0,0.0
59,0.0,0.0,0.0,93371798070.7,31099335440.4,233414484.162,200143477.023,0.0,298.0,619238.220986,46456671572.4,2.11824391773e+11,0.355283119955,0.0,1013.0,1360583548.79,0.0,1.07794082591e+11,0.0,0.0,1.0588019302e+11,0.0,0.0,0.934722172311,0.00233752984717,1.22284145897e+13,1277990271.87,2.46220332744e+17,15895851.84,0.0,0.0
60,0.0,0.0,0.0,93187196552.4,30776990037.8,245244079.777,208163361.43,0.0,298.0,619553.115845,47888500617.3,2.11824391773e+11,0.116310643883,0.0,1013.0,1360583548.79,0.0,1.07794082591e+11,0.0,0.0,1.04742839699e+11,0.0,0.0,0.30908405561,0.000810859774242,1.22284145897e+13,1277990271.85,2.46220332744e+17,15897651.84,0.0,0.0
61,0.0,0.0,0.0,93004857246.8,30456405787.8,253249556.797,212755558.535,0.0,298.0,617386.186781,49317033161.3,2.11824391773e+11,0.0366883947843,0.0,1013.0,1360583548.79,0.0,1.07794082591e+11,0.0,0.0,1.03617703701e+11,0.0,0.0,0.0984951480616,0.000267281860065,1.22284145897e+13,1277990271.84,2.46220332744e+17,15899451.84,0.0,0.0
62,0.0,0.0,0.0,92824761401.5,30138255539.6,258627806.028,215028002.663,0.0,298.0,613737.04363,50738313833.1,2.11824391773e+11,0.0112876331669,0.0,1013.0,1360583548.79,0.0,1.07794082591e+11,0.0,0.0,1.02504653789e+11,0.0,0.0,0.0306175475589,8.51620629826e-05,1.22284145897e+13,1277990271.84,2.46220332744e+17,15901251.84,0.0,0.0
63,0.0,0.0,0.0,92646885054.1,29822981834.6,262198141.988,215731867.129,0.0,298.0,609177.905967,52149707685.4,2.11824391773e+11,0.00341576745041,0.0,1013.0,1360583548.79,0.0,1.07794082591e+11,0.0,0.0,1.01403560136e+11,0.0,0.0,0.00936204708553,2.65300610293e-05,1.22284145897e+13,1277990271.84,2.46220332744e+17,15903051.84,0.0,0.0
64,0.0,0.0,0.0,92471201103.7,29510870327.9,264522475.06,215377184.651,0.0,298.0,604054.485545,53549475174.2,2.11824391773e+11,0.00102258709506,0.0,1013.0,1360583548.79,0.0,1.07794082591e+11,0.0,0.0,1.00314294309e+11,0.0,0.0,0.00283216516909,8.14341689727e-06,1.22284145897e+13,1277990271.84,2.46220332744e+17,15904851.84,0.0,0.0
65,0.0,0.0,0.0,92297680595.1,29202099661.9,265986921.916,214310785.174,0.0,298.0,598583.559324,54936484716.9,2.11824391773e+11,0.000304073796617,0.0,1013.0,1360583548.79,0.0,1.07794082591e+11,0.0,0.0,99236729255.1,0.0,0.0,0.000851030026011,2.475981308e-06,1.22284145897e+13,1277990271.84,2.46220332744e+17,15906651.84,0.0,0.0
66,0.0,0.0,0.0,92126293540.3,28896775430.1,266857316.722,212768875.146,0.0,298.0,592904.607143,56310018022.1,2.11824391773e+11,9.00599311328e-05,0.0,1013.0,1360583548.79,0.0,1.07794082591e+11,0.0,0.0,98170739285.9,0.0,0.0,0.000254712870559,7.48408914779e-07,1.22284145897e+13,1277990271.84,2.46220332744e+17,15908451.84,0.0,0.0
67,0.0,0.0,0.0,91957009454.4,28594953358.8,267317035.774,210912552.028,0.0,298.0,587108.985614,57669638039.0,2.11824391773e+11,2.66194054347e-05,0.0,1013.0,1360583548.79,0.0,1.07794082591e+11,0.0,0.0,97116200063.1,0.0,0.0,7.60803684008e-05,2.25461661041e-07,1.22284145897e+13,1277990271.84,2.46220332744e+17,15910251.84,0.0,0.0
68,0.0,0.0,0.000242943150996,96215741911.7,25273882956.4,806242.520279,572699.266434,0.0,298.0,3908408697.6,58804951784.4,2.11824000104e+11,324685.296651,0.0,1013.0,1360975218.55,0.0,1.07786936041e+11,0.0,155.710101197,96144881863.7,0.0,0.0,1057675.85442,311239.187158,1.2228390815e+13,1214109353.13,2.46220332744e+17,15912051.84,0.0,0.0
69,0.0,0.0,0.000672106995654,1.00749128522e+11,20625782523.3,325436.964883,187249.630864,0.0,298.0,8516061531.71,59839094678.1,2.11822811021e+11,271249.142775,0.0,1013.0,1362164300.75,0.0,1.07765242432e+11,0.0,339.431906274,95294202818.6,0.0,0.0,1085882.81031,696752.492304,1.22283186369e+13,1072398244.4,2.46220332744e+17,15913851.84,0.0,0.0
70,0.0,0.0,0.0016214013948,1.04987995059e+11,16214072064.9,197400.831596,88970.668704,0.0,298.0,12797058228.6,60864367711.6,2.11820440882e+11,265642.106599,0.0,1013.0,1364534439.6,0.0,1.07722014294e+11,0.0,545.705846294,94554963885.6,0.0,0.0,1354280.81092,1302357.76111,1.22281747678e+13,917408106.661,2.46220332744e+17,15915651.84,0.0,0.0
71,0.0,0.0,0.00345994765131,1.08349850889e+11,12620661744.1,159467.845031,55745.0865949,0.0,298.0,16058945136.3,61882174802.8,2.11816140975e+11,296075.870879,0.0,1013.0,1368834347.38,0.0,1.07643632797e+11,0.0,724.797452614,93930056027.2,0.0,0.0,1941851.58247,2340133.87234,1.22279137606e+13,856106237.306,2.46220332744e+17,15917451.84,0.0,0.0
72,0.0,0.0,0.00662642920179,1.10669832552e+11,10013258345.1,171207.028771,47307.8088594,0.0,298.0,17978629577.3,62893972814.0,2.11808334829e+11,384702.734975,0.0,1013.0,1376640493.19,0.0,1.07501478994e+11,0.0,860.178922831,93457897425.6,0.0,0.0,3184479.76245,4297159.28503,1.22274399232e+13,1004102294.18,2.46220332744e+17,15919251.84,0.0,0.0
73,0.0,0.0,0.0114517943877,1.12280784441e+11,8134704188.91,232235.743637,52000.2345155,0.0,298.0,18664174709.9,63901849845.9,2.11793921607e+11,552809.342847,0.0,1013.0,1391053715.04,0.0,1.07239486442e+11,0.0,955.26570054,93219846475.9,0.0,0.0,5636863.95327,7911902.3015,1.2226565035e+13,1427046715.48,2.46220332744e+17,15921051.84,0.0,0.0
74,0.0,0.0,0.0180753634743,1.13680595933e+11,6736509198.73,355561.685847,65863.4159759,0.0,298.0,18319759767.2,64908832304.6,2.1176800747e+11,812580.454093,0.0,1013.0,1416967852.45,0.0,1.06769999391e+11,0.0,1018.70666753,93301403414.3,0.0,0.0,10007765.7531,13848125.7705,1.22249920444e+13,2080706427.78,2.46220332744e+17,15922851.84,0.0,0.0
75,0.0,0.0,0.0264867539186,1.15436241741e+11,5685767303.44,555266.872918,86805.5965241,0.0,298.0,17205072762.1,65918653389.5,2.1172464184e+11,1164801.32147,0.0,1013.0,1460333482.46,0.0,1.05988809104e+11,0.0,1062.97291984,93741690106.0,0.0,0.0,16998823.4334,22256396.3689,1.22223597688e+13,2795433741.25,2.46220332744e+17,15924651.84,0.0,0.0
76,0.0,0.0,0.0366128659711,1.18091482264e+11,4905245400.74,840443.424744,113376.710436,0.0,298.0,15621134247.3,66935106671.2,2.1165829428e+11,1607060.97918,0.0,1013.0,1526681042.12,0.0,1.04804363749e+11,0.0,1100.28803203,94514285964.3,0.0,0.0,27190886.64,32685419.047,1.22183325533e+13,3370064440.18,2.46220332744e+17,15926451.84,0.0,0.0
77,0.0,0.0,0.0483743786026,1.22020083629e+11,4324843735.73,1221467.14051,145312.810188,0.0,298.0,13805653670.0,67961449574.5,2.11564797592e+11,2151844.10483,0.0,1013.0,1620177730.53,0.0,1.03157066232e+11,0.0,1138.49080669,95553045723.8,0.0,0.0,41311222.213,44580431.838,1.22126575293e+13,3699854340.62,2.46220332744e+17,15928251.84,0.0,0.0
78,0.0,0.0,0.0616146511363,1.27372815277e+11,3877486280.0,1717568.51702,183239.001762,0.0,298.0,11897212739.5,69000165365.9,2.11441052813e+11,2829407.56754,0.0,1013.0,1743922509.03,0.0,1.01015490617e+11,0.0,1180.19075335,96783639363.9,0.0,0.0,60617329.1421,57607157.1765,1.22051467175e+13,3785093778.18,2.46220332744e+17,15930051.84,0.0,0.0
79,0.0,0.0,0.0759050680731,1.34078433793e+11,3510586020.36,2345536.10644,226612.981502,0.0,298.0,9997049832.82,70052899363.1,2.11284883444e+11,3660267.95011,0.0,1013.0,1900091877.98,0.0,98374382806.4,0.0,1224.32691608,98122425000.4,0.0,0.0,86662436.0396,71303705.7289,1.21956681861e+13,3659091734.98,2.46220332744e+17,15931851.84,0.0,0.0
80,0.0,0.0,0.090811194659,1.41819567618e+11,3185394413.92,3103142.90045,272155.894714,0.0,298.0,8208309528.75,71120262661.8,2.11095548206e+11,4626407.88051,0.0,1013.0,2089427116.5,0.0,95262312434.8,0.0,1268.43909676,99459759366.5,0.0,0.0,120775589.649,84950975.2581,1.21841771717e+13,3366511147.99,2.46220332744e+17,15933651.84,0.0,0.0
81,0.0,0.0,0.105430760833,1.50020391098e+11,2881190577.12,3935813.85485,312427.267993,0.0,298.0,6635517215.25,72201495114.0,2.10874672509e+11,5627330.10044,0.0,1013.0,2310302812.91,0.0,91752668747.8,0.0,1308.75801288,1.00653151503e+11,0.0,0.0,162451117.153,97272417.9427,1.21707725943e+13,2966968574.05,2.46220332744e+17,15935451.84,0.0,0.0
82,0.0,0.0,0.118409710321,1.57941911128e+11,2597409360.69,4732479.23001,338909.657083,0.0,298.0,5357942916.46,73294193519.6,2.10627319001e+11,6497033.15142,0.0,1013.0,2557656320.67,0.0,87971446465.4,0.0,1341.4793502,1.01551008456e+11,0.0,0.0,208048452.94,106858560.714,1.21557619807e+13,2536049397.67,2.46220332744e+17,15937251.84,0.0,0.0
83,0.0,0.0,0.12841319272,1.64940091582e+11,2347459558.57,5378189.16739,348293.078693,0.0,298.0,4396830853.43,74394524100.2,2.10361266638e+11,7104974.97078,0.0,1013.0,2823708684.13,0.0,84073499730.2,0.0,1364.49272115,1.0205194981e+11,0.0,0.0,251709191.717,112970966.981,1.21396176425e+13,2144566909.57,2.46220332744e+17,15939051.84,0.0,0.0
84,0.0,0.0,0.134499315965,1.70703307321e+11,2144470263.71,5810045.8785,343860.564306,0.0,298.0,3717198412.0,75498030986.8,2.100849589e+11,7426928.6479,0.0,1013.0,3100016421.99,0.0,80203155681.1,0.0,1377.85876124,1.02144044751e+11,0.0,0.0,287962584.04,115728123.275,1.21228521099e+13,1830841872.36,2.46220332744e+17,15940851.84,0.0,0.0
85,0.0,0.0,0.136263584481,1.75280396037e+11,1991787241.53,6025452.16272,331297.820133,0.0,298.0,3255057731.54,76600568831.5,2.09805892123e+11,7519184.28011,0.0,1013.0,3379083199.09,0.0,76470171399.1,0.0,1382.57211323,1.01888979264e+11,0.0,0.0,313813285.558,115645732.899,1.21059203192e+13,1597910680.62,2.46220332744e+17,15942651.84,0.0,0.0
86,0.0,0.0,0.133755187111,1.7894310056e+11,1883599658.96,6052834.17955,314767.150787,0.0,298.0,2944642182.65,77698864953.4,2.09530338749e+11,7453464.22891,0.0,1013.0,3654636572.56,0.0,72950158979.5,0.0,1379.49769212,1.01378042213e+11,0.0,0.0,328843113.13,113178278.436,1.20892028343e+13,1429226140.57,2.46220332744e+17,15944451.84,0.0,0.0
87,0.0,0.0,0.12734023368,1.82026509688e+11,1810000942.63,5928284.27104,296275.480547,0.0,298.0,2732389776.76,78790632990.4,2.09263587361e+11,7283012.4947,0.0,1013.0,3921387961.1,0.0,69692895055.7,0.0,1369.1537616,1.00697738643e+11,0.0,0.0,334273328.474,108650855.158,1.20730204331e+13,1303944780.72,2.46220332744e+17,15946251.84,0.0,0.0
88,0.0,0.0,0.11761327597,1.84829695762e+11,1761517990.99,5682796.06645,276423.336951,0.0,298.0,2579902869.08,79874422692.6,2.09010274988e+11,7036876.20355,0.0,1013.0,4174700334.38,0.0,66730868469.7,0.0,1351.8192112,99915056958.2,0.0,0.0,331729636.854,102290250.889,1.2057654289e+13,1204337951.86,2.46220332744e+17,15948051.84,0.0,0.0
89,0.0,0.0,0.105335089148,1.87570563011e+11,1731362547.44,5343114.3727,255488.542602,0.0,298.0,2460624621.87,80949395244.7,2.08774467627e+11,6732431.15431,0.0,1013.0,4410507695.35,0.0,64083750646.0,0.0,1327.03431172,99076695193.2,0.0,0.0,322742221.711,94330264.3943,1.20433508754e+13,1117846851.84,2.46220332744e+17,15949851.84,0.0,0.0
90,0.0,0.0,0.0911503416814,1.90375526419e+11,1715589189.89,4927735.22305,233505.533535,0.0,298.0,2356474899.66,82015126646.0,2.08559689331e+11,6374974.94131,0.0,1013.0,4625285990.97,0.0,61761728925.2,0.0,1293.3359992,98213516079.8,0.0,0.0,308236474.336,84940031.2007,1.20303237497e+13,1036034445.0,2.46220332744e+17,15951651.84,0.0,0.0
91,0.0,0.0,0.0756525685235,1.9329239778e+11,1712635280.2,4445501.38162,210338.809548,0.0,298.0,2255632262.83,83071460233.5,2.08369195191e+11,5959342.89758,0.0,1013.0,4815780130.89,0.0,59770849411.7,0.0,1248.75488606,97344820268.3,0.0,0.0,288439314.044,74241556.1836,1.20187701287e+13,953137414.869,2.46220332744e+17,15953451.84,0.0,0.0
92,0.0,0.0,0.0599065639362,1.96288595224e+11,1722643120.63,3918491.6324,186525.603263,0.0,298.0,2149506110.41,84118400457.7,2.08205485677e+11,5489609.32158,0.0,1013.0,4979489645.0,0.0,58109861295.9,0.0,1191.72944767,96481550965.5,0.0,0.0,263964616.776,62731297.996,1.2008841451e+13,866629175.194,2.46220332744e+17,15955251.84,0.0,0.0
93,0.0,0.0,0.0448481004704,1.99256883787e+11,1748470007.26,3364323.15403,162583.285351,0.0,298.0,2030811397.82,85156036967.6,2.08069901585e+11,4968148.08001,0.0,1013.0,5115073737.24,0.0,56768279591.6,0.0,1119.80541966,95628725944.6,0.0,0.0,235173179.441,50855740.7074,1.20006188321e+13,775809026.441,2.46220332744e+17,15957051.84,0.0,0.0
94,0.0,0.0,0.0313819493285,2.02035266119e+11,1796072347.62,2804533.12947,139247.135052,0.0,298.0,1892274623.02,86184489474.9,2.07962614917e+11,4402233.35791,0.0,1013.0,5222360405.45,0.0,55728081521.1,0.0,1030.14271606,94786895146.4,0.0,0.0,202698078.554,39173666.8841,1.19941125313e+13,681294128.891,2.46220332744e+17,15958851.84,0.0,0.0
95,0.0,0.0,0.0202714396588,2.04433879774e+11,1875705972.19,2266567.84177,117544.096768,0.0,298.0,1724604594.86,87203863929.4,2.07882377922e+11,3810969.74741,0.0,1013.0,5302597399.8,0.0,54962277747.5,0.0,919.773190371,93952784962.6,0.0,0.0,167892440.119,28316566.3683,1.19892467459e+13,585238896.741,2.46220332744e+17,15960651.84,0.0,0.0
96,0.0,0.0,0.0,1.13014763399e+11,1.91318073705e+11,0.0,0.0,0.0,298.0,2.24224436295e+11,0.0,40158265428.2,0.0,0.0,1013.0,0.0,0.0,15146290550.6,0.0,0.0,0.0,0.0,0.0,0.0,0.0,1.23110166372e+13,0.0,2.46220332744e+17,0.0,0.0,0.0
97,0.0,0.0,0.0,1771615050.83,3.02560236303e+11,6445.05609827,56179.4354074,0.0,298.0,1.12981639158e+11,515735.371977,40158265428.2,0.0,0.0,1013.0,0.0,0.0,15146290550.6,0.0,0.0,0.0,0.0,0.0,0.0,0.0,1.23110166372e+13,0.0,2.46220332744e+17,15817812.48,0.0,0.0
98,0.0,0.0,0.0,54081714.1085,3.04277910029e+11,200.954794688,1762.57153274,0.0,298.0,1.11264057804e+11,538439.908264,40158265428.2,0.0,0.0,1013.0,0.0,0.0,15146290550.6,0.0,0.0,0.0,0.0,0.0,0.0,0.0,1.23110166372e+13,0.0,2.46220332744e+17,15819612.48,0.0,0.0
99,0.0,0.0,0.0,1675449.25153,3.04330320705e+11,6.22961251497,54.650143629,0.0,298.0,1.11211650031e+11,539148.01973,40158265428.2,0.0,0.0,1013.0,0.0,0.0,15146290550.6,0.0,0.0,0.0,0.0,0.0,0.0,0.0,1.23110166372e+13,0.0,2.46220332744e+17,15821412.48,0.0,0.0
100,0.0,0.0,0.0,51927.2482671,3.04331944364e+11,0.193078447419,1.6938174737,0.0,298.0,1.11210026462e+11,539169.971462,40158265428.2,0.0,0.0,1013.0,0.0,0.0,15146290550.6,0.0,0.0,0.0,0.0,0.0,0.0,0.0,1.23110166372e+13,0.0,2.46220332744e+17,15823212.48,0.0,0.0
101,0.0,0.0,3.79480761327e-05,21998896396.7,2.82325699095e+11,62907.7659171,483565.437968,0.0,298.0,1.3321351324e+11,735250.591966,40158265332.2,250.780491211,0.0,1013.0,96.0273184272,0.0,15146289252.0,0.0,949.999598733,1068605.74291,0.0,0.0,75.0188209538,979.954932342,1.23110166063e+13,463519.133993,2.46220332744e+17,15825012.48,0.0,0.0
102,0.0,0.0,0.000255185198359,52272142259.2,2.52007717939e+11,108436.540136,752510.872097,0.0,298.0,1.63506647782e+11,1739676.86794,40158263843.8,1311.85629333,0.0,1013.0,1584.38852866,0.0,15146269123.5,0.0,2283.61685763,16127451.6063,0.0,0.0,435.273813826,6788.14108843,1.23110161265e+13,8662379.8249,2.46220332744e+17,15826812.48,0.0,0.0
103,0.0,0.0,0.000960583044803,81638111363.1,2.22497918701e+11,126181.086474,775134.831506,0.0,298.0,1.92911591563e+11,3301426.24573,40158256904.0,4044.22715944,0.0,1013.0,8524.28252869,0.0,15146175269.3,0.0,4057.88610241,78487000.5307,0.0,0.0,1516.29634183,27226.6905424,1.23110138895e+13,49530814.4377,2.46220332744e+17,15828612.48,0.0,0.0
104,0.0,0.0,0.00273233257781,1.08384191869e+11,1.95361145931e+11,128693.613198,694887.954242,0.0,298.0,2.19720319606e+11,6065088.19615,40158233001.1,10093.9425756,0.0,1013.0,32427.1437255,0.0,15145852014.5,0.0,6061.33033388,267443289.968,0.0,0.0,4303.05051664,86141.5041305,1.23110061845e+13,186007521.676,2.46220332744e+17,15830412.48,0.0,0.0
105,0.0,0.0,0.00635625709526,1.30159039535e+11,1.7266127546e+11,123926.139094,591566.58654,0.0,298.0,2.41594917473e+11,12088288.1252,40158164581.7,22121.3626558,0.0,1013.0,100846.569243,0.0,15144926768.8,0.0,7960.06834923,743538841.921,0.0,0.0,10657.3017428,230652.402003,1.231098413e+13,529360755.253,2.46220332744e+17,15832212.48,0.0,0.0
106,0.0,0.0,0.0125638448141,1.46288762657e+11,1.54603204745e+11,116630.040596,498523.156742,0.0,298.0,2.57911227656e+11,25851733.3699,40157996552.7,43376.4891769,0.0,1013.0,268875.565411,0.0,15142654721.6,0.0,9541.34810373,1784018684.81,0.0,0.0,23314.066971,532072.460949,1.2310929967e+13,1217050128.73,2.46220332744e+17,15834012.48,0.0,0.0
107,0.0,0.0,0.0217028826772,1.57455520364e+11,1.39881374424e+11,108617.967015,420069.175567,0.0,298.0,2.69461880964e+11,55504157.0157,40157638081.8,76287.3014148,0.0,1013.0,627346.473332,0.0,15137808672.8,0.0,10739.3335247,3781491034.61,0.0,0.0,45273.0819129,1070385.18252,1.23108144163e+13,2361234376.81,2.46220332744e+17,15835812.48,0.0,0.0
108,0.0,0.0,0.0334992516913,1.64240769781e+11,1.27256473149e+11,100347.951619,353081.774719,0.0,298.0,2.76995491009e+11,113799091.623,40156964902.9,120920.364577,0.0,1013.0,1300525.29536,0.0,15128712266.1,0.0,11536.6444424,7180111733.65,0.0,0.0,78813.5095509,1905794.39675,1.23105974219e+13,3995707584.56,2.46220332744e+17,15837612.48,0.0,0.0
109,0.0,0.0,0.0470371211041,1.67057967998e+11,1.15807578257e+11,91935.958779,294418.007695,0.0,298.0,2.81108206893e+11,218043502.996,40155834736.6,174179.517594,0.0,1013.0,2430691.62919,0.0,15113452710.2,0.0,11936.5869001,12357633897.8,0.0,0.0,124655.077513,3052891.78596,1.23102331211e+13,6050192498.05,2.46220332744e+17,15839412.48,0.0,0.0
110,0.0,0.0,0.0609401872489,1.66268183924e+11,1.04995900054e+11,83603.2251683,242769.917766,0.0,298.0,2.8229619269e+11,388673571.092,40154111606.7,230225.805942,0.0,1013.0,4153821.52357,0.0,15090215727.1,0.0,11961.2219988,19497461730.6,0.0,0.0,181623.767249,4469898.66679,1.2309677684e+13,8363482585.03,2.46220332744e+17,15841212.48,0.0,0.0
111,0.0,0.0,0.073736023408,1.62325090051e+11,94608158382.5,75767.7729126,198268.831454,0.0,298.0,2.81045897989e+11,646671676.455,40151690111.8,282195.428703,0.0,1013.0,6575316.467,0.0,15057619745.4,0.0,11657.9244146,28511435331.8,0.0,0.0,246909.40686,6068412.62027,1.23088971365e+13,10729592118.8,2.46220332744e+17,15843012.48,0.0,0.0
112,0.0,0.0,0.0839654064124,1.55797372962e+11,84710494470.1,68956.9367914,161561.080265,0.0,298.0,2.77840889745e+11,1010573503.97,40148515261.4,323599.199691,0.0,1013.0,9750166.87763,0.0,15014986456.3,0.0,11093.967889,39040121906.1,0.0,0.0,316084.128928,7719111.36677,1.23078737553e+13,12939714696.7,2.46220332744e+17,15844812.48,0.0,0.0
113,0.0,0.0,0.0908771863812,1.47427619428e+11,75452511213.0,63576.316405,132656.744089,0.0,298.0,2.73240311303e+11,1493871943.41,40144594124.2,350712.324461,0.0,1013.0,13671304.0437,0.0,14962493638.0,0.0,10355.5753834,50529817163.6,0.0,0.0,384436.47747,9293257.21306,1.23066098217e+13,14825318774.4,2.46220332744e+17,15846612.48,0.0,0.0
114,0.0,0.0,0.0943203255554,1.37983827358e+11,66986835238.6,59787.6671383,110726.489765,0.0,298.0,2.67776878649e+11,2103675585.66,40139986004.1,362866.453838,0.0,1013.0,18279424.1485,0.0,14901032079.7,0.0,9528.46887884,62375032650.2,0.0,0.0,447906.716573,10690114.4568,1.23051244552e+13,16299443769.6,2.46220332744e+17,15848412.48,0.0,0.0
115,0.0,0.0,0.0943567476742,1.28136196102e+11,59454056404.2,57469.2049255,94436.6549741,0.0,298.0,2.61897936868e+11,2840770051.69,40134793830.8,361332.167388,0.0,1013.0,23471597.4226,0.0,14832074657.9,0.0,8681.43270283,74022840256.2,0.0,0.0,502411.587131,11819760.1905,1.23034508374e+13,17326298745.3,2.46220332744e+17,15850212.48,0.0,0.0
116,0.0,0.0,0.0914068800929,1.18423278439e+11,52935927270.1,56251.9161821,82281.3107472,0.0,298.0,2.55965377194e+11,3700525524.45,40129157397.2,348690.111356,0.0,1013.0,29108031.004,0.0,14757568166.8,0.0,7864.62885638,85031659768.0,0.0,0.0,544423.720631,12615734.5462,1.23016340316e+13,17908450738.4,2.46220332744e+17,15852012.48,0.0,0.0
117,0.0,0.0,0.0861007582458,1.09231148608e+11,47436173174.3,55632.91637,72910.6339817,0.0,298.0,2.50247269521e+11,4674293656.35,40123239103.7,328137.521843,0.0,1013.0,35026324.5067,0.0,14679727450.3,0.0,7110.32462082,95101041345.2,0.0,0.0,571602.359604,13046217.7267,1.22997263874e+13,18083202711.6,2.46220332744e+17,15853812.48,0.0,0.0
118,0.0,0.0,0.0791014968768,1.00793500925e+11,42897547835.7,55105.4475351,65303.8840316,0.0,298.0,2.44917921532e+11,5750934200.84,40117207485.3,302685.551419,0.0,1013.0,41057942.9725,0.0,14600806930.2,0.0,6434.48534333,1.04067143085e+11,0.0,0.0,582945.020373,13111733.2251,1.22977822301e+13,17908474947.8,2.46220332744e+17,15855612.48,0.0,0.0
119,0.0,0.0,0.0709925151484,93209542283.6,39239908238.7,54242.396457,58799.9498253,0.0,298.0,2.40067975342e+11,6918146843.11,40111226841.2,274756.472403,0.0,1013.0,47038587.0337,0.0,14522960692.0,0.0,5841.02681304,1.11873011966e+11,0.0,0.0,578373.103084,12831125.251,1.22958545181e+13,17443021011.4,2.46220332744e+17,15857412.48,0.0,0.0
120,0.0,0.0,0.0622603973099,86487438636.9,36370798151.4,52742.8213247,52994.6132127,0.0,298.0,2.35731054566e+11,8163436423.37,40105449670.1,246023.50183,0.0,1013.0,52815758.0889,0.0,14448146128.9,0.0,5325.38185557,1.18534707061e+11,0.0,0.0,558660.681683,12237905.6822,1.22939924046e+13,16742109042.6,2.46220332744e+17,15859212.48,0.0,0.0
121,0.0,0.0,0.0533133682911,80572503034.4,34202680328.7,50457.2695156,47678.8602528,0.0,298.0,2.31897371961e+11,9474746160.0,40100009464.6,217639.877894,0.0,1013.0,58255963.6618,0.0,14378037877.3,0.0,4879.53816132,1.241130237e+11,0.0,0.0,525439.995066,11378898.8399,1.22922389153e+13,15854324395.8,2.46220332744e+17,15861012.48,0.0,0.0
122,0.0,0.0,0.0445047841615,75368965083.3,32664111138.4,47375.8112663,42751.7927517,0.0,298.0,2.28522499511e+11,10840816111.2,40095015522.7,190260.990606,0.0,1013.0,63249905.5721,0.0,14313971854.7,0.0,4492.93311276,1.2869184519e+11,0.0,0.0,480947.329577,10308982.1262,1.22906292767e+13,14822914909.0,2.46220332744e+17,15862812.48,0.0,0.0
123,0.0,0.0,0.0360985342714,70750418204.0,31712068309.2,43595.819463,38197.7652424,0.0,298.0,2.25529747222e+11,12251345715.1,40090551814.7,164338.896111,0.0,1013.0,67713613.5029,0.0,14256943008.1,0.0,4152.85834644,1.32362895556e+11,0.0,0.0,427787.629254,9084040.33507,1.22891905509e+13,13686168867.1,2.46220332744e+17,15864612.48,0.0,0.0
124,0.0,0.0,0.0282089934757,66559627007.5,31350775386.4,39255.0880014,34004.321674,0.0,298.0,2.22807445489e+11,13697015800.5,40086679036.1,139830.394898,0.0,1013.0,71586392.1127,0.0,14207642941.2,0.0,3846.06845459,1.35214429311e+11,0.0,0.0,368100.702567,7749084.30921,1.2287942298e+13,12472596918.9,2.46220332744e+17,15866412.48,0.0,0.0
125,0.0,0.0,0.0210778271299,62645684260.9,31598783073.7,34604.0248308,30211.8783746,0.0,298.0,2.20239783301e+11,15169413216.6,40083433468.8,116850.840747,0.0,1013.0,74831959.4795,0.0,14166454880.4,0.0,3560.89458591,1.37326365013e+11,0.0,0.0,305124.300764,6369982.98488,1.22868962092e+13,11207953516.9,2.46220332744e+17,15868212.48,0.0,0.0
126,0.0,0.0,0.0149172104656,58830764036.3,32511891387.1,29954.5368501,26905.1172985,0.0,298.0,2.17665251348e+11,16660963010.8,40080817958.9,95591.2566627,0.0,1013.0,77447469.3501,0.0,14133347084.2,0.0,3284.00460388,1.38774366914e+11,0.0,0.0,242551.59575,5020131.92192,1.22860531993e+13,9929857984.57,2.46220332744e+17,15870012.48,0.0,0.0
127,0.0,0.0,0.00985400876128,54887022590.7,34208822993.9,25607.0780633,24196.3499582,0.0,298.0,2.14857685017e+11,18164885481.1,40078803619.2,76218.2328396,0.0,1013.0,79461809.0527,0.0,14107900337.5,0.0,2999.40254129,1.39630118539e+11,0.0,0.0,183744.207483,3765968.59058,1.22854039556e+13,8680847751.16,2.46220332744e+17,15871812.48,0.0,0.0
128,0.0,0.0,0.00596723506846,50523094280.6,36880104594.7,21822.3119546,22223.1746163,0.0,298.0,2.11513736022e+11,19675162924.4,40077331961.2,58945.9170307,0.0,1013.0,80933466.9873,0.0,14089337342.0,0.0,2688.8187758,1.39963460653e+11,0.0,0.0,131753.653359,2667938.97009,1.22849296252e+13,7509920590.97,2.46220332744e+17,15873612.48,0.0,0.0
129,0.0,0.0,0.00323709067518,45366256594.6,40802489370.0,18736.9739826,21100.4108955,0.0,298.0,2.07239430177e+11,21186532179.9,40076320534.9,43958.5094028,0.0,1013.0,81944893.3048,0.0,14076593321.5,0.0,2331.29819395,1.39844456706e+11,0.0,0.0,88780.2420071,1768674.73085,1.22846036327e+13,6469496670.67,2.46220332744e+17,15875412.48,0.0,0.0
130,0.0,0.0,0.00152953057443,38978847229.1,46323230619.2,16263.7650313,20786.0643528,0.0,298.0,2.01574124403e+11,22694489446.4,40075672956.3,31341.0332967,0.0,1013.0,82592471.9157,0.0,14068439684.5,0.0,1908.25027128,1.39343513325e+11,0.0,0.0,55718.7658153,1085329.61135,1.22843949121e+13,5607063029.91,2.46220332744e+17,15877212.48,0.0,0.0
131,0.0,0.0,0.000607803190089,31027888363.7,53694050926.4,13991.2674675,20730.800498,0.0,298.0,1.94169578715e+11,24195288183.8,40075291047.4,21041.2147538,0.0,1013.0,82974380.84,0.0,14063633236.6,0.0,1418.41878992,1.38530299691e+11,0.0,0.0,32252.6780356,609039.111928,1.22842718194e+13,4953215989.91,2.46220332744e+17,15879012.48,0.0,0.0
132,0.0,0.0,0.000193089309643,21966160928.7,62392937770.5,11271.5886054,19434.157039,0.0,298.0,1.85480405308e+11,25685925560.1,40075085680.5,12968.5466412,0.0,1013.0,83179747.78,0.0,14061049287.0,0.0,916.730727301,1.37473379509e+11,0.0,0.0,17091.6376171,310589.708848,1.22842056278e+13,4509798743.74,2.46220332744e+17,15880812.48,0.0,0.0
133,0.0,0.0,4.51024001767e-05,12924567181.3,71230907464.5,7658.10426092,15125.116987,0.0,298.0,1.76659249415e+11,27164129242.6,40074986477.9,6833.99655414,0.0,1013.0,83278950.3802,0.0,14059801274.2,0.0,478.51942903,1.36238668732e+11,0.0,0.0,7872.50600526,137269.714569,1.22841736539e+13,4249510403.1,2.46220332744e+17,15882612.48,0.0,0.0
134,0.0,0.0,5.78218868573e-06,5374222796.94,78690350416.0,3584.75825938,7875.99159782,0.0,298.0,1.6920988056e+11,28628286316.8,40074947523.1,2463.23397308,0.0,1013.0,83317905.1393,0.0,14059311235.4,0.0,168.311440251,1.34882675628e+11,0.0,0.0,2554.8586027,42917.1139681,1.22841610984e+13,4131295278.56,2.46220332744e+17,15884412.48,0.0,0.0
135,0.0,0.0,0.0,50165182.1959,84009270522.8,34.8275900935,86.1353759091,0.0,298.0,1.63891564498e+11,30077246567.9,40074945449.5,9.00058682376e-45,0.0,1013.0,83319978.7313,0.0,14059285150.8,0.0,0.0,1.3343984641e+11,0.0,0.0,4.1160573102e-46,2.29845173959e-46,1.22841604301e+13,4124581794.01,2.46220332744e+17,15886212.48,0.0,0.0
136,0.0,0.0,0.0,307295.442548,84059128697.9,0.213534820132,0.528471442322,0.0,298.0,1.63841706504e+11,31510642662.0,40074945449.5,3.24152075576e-99,0.0,1013.0,83319978.7313,0.0,14059285150.8,0.0,0.0,1.3200645034e+11,0.0,0.0,1.4827821424e-100,8.27825175919e-101,1.22841604301e+13,4124581794.01,2.46220332744e+17,15888012.48,0.0,0.0
137,0.0,0.0,0.0,1881.43403627,84059434113.7,0.00130738644802,0.00323562813667,0.0,298.0,1.6384140109e+11,32928641350.0,40074945449.5,2.86439103306e-143,0.0,1013.0,83319978.7313,0.0,14059285150.8,0.0,0.0,1.30588451653e+11,0.0,0.0,1.31027623733e-144,7.31577596381e-145,1.22841604301e+13,4124581794.01,2.46220332744e+17,15889812.48,0.0,0.0
138,0.0,0.0,0.0,10.8329628905,84059435984.3,7.52769912819e-06,1.8630173014e-05,0.0,298.0,1.63841399219e+11,34331408053.0,40074945449.5,-1.5637335903e-153,0.0,1013.0,83319978.7313,0.0,14059285150.8,0.0,0.0,1.2918568495e+11,0.0,0.0,-7.15310448257e-155,-3.99417953064e-155,1.22841604301e+13,4124581794.01,2.46220332744e+17,15891612.48,0.0,0.0
139,0.0,0.0,0.0,0.0568634716396,84059435995.1,3.95137609412e-08,9.77919268788e-08,0.0,298.0,1.63841399208e+11,35719106391.6,40074945449.5,-2.16735188903e-161,0.0,1013.0,83319978.7313,0.0,14059285150.8,0.0,0.0,1.27797986611e+11,0.0,0.0,-9.91431102658e-163,-5.53646699598e-163,1.22841604301e+13,4124581794.01,2.46220332744e+17,15893412.48,0.0,0.0
140,0.0,0.0,0.0,0.000298482921043,84059435995.2,2.07412288541e-10,5.13321103119e-10,0.0,298.0,1.63841399208e+11,37091898228.1,40074945449.5,-3.00397535914e-169,0.0,1013.0,83319978.7313,0.0,14059285150.8,0.0,0.0,1.26425194774e+11,0.0,0.0,-1.37413932961e-170,-7.67428128036e-171,1.22841604301e+13,4124581794.01,2.46220332744e+17,15895212.48,0.0,0.0
141,0.0,0.0,0.0,1.56677127839e-06,84059435995.2,1.08873102466e-12,2.69448167469e-12,0.0,298.0,1.63841399208e+11,38449943686.5,40074945449.5,-4.16354798451e-177,0.0,1013.0,83319978.7313,0.0,14059285150.8,0.0,0.0,1.25067149316e+11,0.0,0.0,-1.90458016797e-178,-1.06375735584e-178,1.22841604301e+13,4124581794.01,2.46220332744e+17,15897012.48,0.0,0.0
142,0.0,0.0,0.0,8.22416314545e-09,84059435995.2,5.71487471835e-15,1.41436450813e-14,0.0,298.0,1.63841399208e+11,39793401170.9,40074945449.5,-5.77073392748e-185,0.0,1013.0,83319978.7313,0.0,14059285150.8,0.0,0.0,1.23723691832e+11,0.0,0.0,-2.63978161796e-186,-1.47450858768e-186,1.22841604301e+13,4124581794.01,2.46220332744e+17,15898812.48,0.0,0.0
143,0.0,0.0,0.0,4.31695808928e-11,84059435995.2,2.99980365276e-17,7.42416243035e-17,0.0,298.0,1.63841399208e+11,41122427383.5,40074945449.5,-7.99832030973e-193,0.0,1013.0,83319978.7313,0.0,14059285150.8,0.0,0.0,1.22394665619e+11,0.0,0.0,-3.65878588351e-194,-2.04386357826e-194,1.22841604301e+13,4124581794.01,2.46220332744e+17,15900612.48,0.0,0.0
144,0.0,0.0,0.0,2.26602109114e-13,84059435995.2,1.57463153588e-19,3.89702848703e-19,0.0,298.0,1.63841399208e+11,42437177343.6,40074945449.5,-1.10857938086e-200,0.0,1013.0,83319978.7313,0.0,14059285150.8,0.0,0.0,1.21079915659e+11,0.0,0.0,-5.07114745141e-202,-2.83306391555e-202,1.22841604301e+13,4124581794.01,2.46220332744e+17,15902412.48,0.0,0.0
145,0.0,0.0,0.0,1.18946060613e-15,84059435995.2,8.26542254357e-22,2.04559519962e-21,0.0,298.0,1.63841399208e+11,43737804405.0,40074945449.5,-1.53650883063e-208,0.0,1013.0,83319978.7313,0.0,14059285150.8,0.0,0.0,1.19779288598e+11,0.0,0.0,-7.02871168077e-210,-3.92699828488e-210,1.22841604301e+13,4124581794.01,2.46220332744e+17,15904212.48,0.0,0.0
146,0.0,0.0,0.0,6.24361590923e-18,84059435995.2,4.33861562322e-24,1.07375651336e-23,0.0,298.0,1.63841399208e+11,45024460274.4,40074945449.5,-2.12962718261e-216,0.0,1013.0,83319978.7313,0.0,14059285150.8,0.0,0.0,1.18492632728e+11,0.0,0.0,-9.74194028485e-218,-5.44333324578e-218,1.22841604301e+13,4124581794.01,2.46220332744e+17,15906012.48,0.0,0.0
147,0.0,0.0,0.0,3.27734600214e-20,84059435995.2,2.2773893805e-26,5.63627178146e-26,0.0,298.0,1.63841399208e+11,46297295028.8,40074945449.5,-2.95170096108e-224,0.0,1013.0,83319978.7313,0.0,14059285150.8,0.0,0.0,1.17219797974e+11,0.0,0.0,-1.35025389545e-225,-7.54516963402e-226,1.22841604301e+13,4124581794.01,2.46220332744e+17,15907812.48,0.0,0.0
148,0.0,0.0,0.0,1.72031671613e-22,84059435995.2,1.19542795233e-28,2.95854406461e-28,0.0,298.0,1.63841399208e+11,47556457133.0,40074945449.5,-4.09111213531e-232,0.0,1013.0,83319978.7313,0.0,14059285150.8,0.0,0.0,1.1596063587e+11,0.0,0.0,-1.87148199601e-233,-1.04585859183e-233,1.22841604301e+13,4124581794.01,2.46220332744e+17,15909612.48,0.0,0.0
149,0.0,0.0,8.49951274604e-06,5037598252.32,78995525342.9,3451.65532808,7402.92351343,0.0,298.0,1.6890839704e+11,48802163354.7,40074935288.7,3707.762628,0.0,1013.0,83330139.4855,0.0,14059157334.6,0.0,259.818158177,1.14745845516e+11,0.0,0.0,3914.37741619,65791.8519664,1.22841571552e+13,4090556781.04,2.46220332744e+17,15911412.48,0.0,0.0
150,0.0,0.0,6.36618753103e-05,13244266540.7,70665891090.7,7750.32276265,15038.2451454,0.0,298.0,1.77249483963e+11,50035442999.3,40074883380.8,8155.18532547,0.0,1013.0,83382047.3877,0.0,14058504382.1,0.0,630.913218527,1.1365728483e+11,0.0,0.0,9583.25976991,167787.477908,1.22841404248e+13,3934361134.34,2.46220332744e+17,15913212.48,0.0,0.0
151,0.0,0.0,0.000263345761773,22660038623.6,61022398161.8,11020.0187484,18536.7805974,0.0,298.0,1.86899931511e+11,51257679543.3,40074774457.6,12580.0288319,0.0,1013.0,83490970.6341,0.0,14057134326.1,0.0,1103.4811365,1.12700291928e+11,0.0,0.0,17085.4468876,312892.962784,1.22841053179e+13,3662148181.48,2.46220332744e+17,15915012.48,0.0,0.0
152,0.0,0.0,0.000790135552203,31657647670.0,51684277780.2,12760.9425253,18215.1705279,0.0,298.0,1.96200575711e+11,52470271034.7,40074590060.8,16195.9886755,0.0,1013.0,83675367.4835,0.0,14054815245.6,0.0,1600.75858385,1.11867819554e+11,0.0,0.0,25935.0326258,494886.803681,1.22840458851e+13,3319500531.85,2.46220332744e+17,15916812.48,0.0,0.0
153,0.0,0.0,0.00188532384166,38924143316.9,43949722354.1,13376.7167232,16245.8724014,0.0,298.0,2.03770320863e+11,53674441630.8,40074315394.7,19020.933842,0.0,1013.0,83950033.5694,0.0,14051361576.9,0.0,2035.59558286,1.11137225396e+11,0.0,0.0,35806.7506828,705409.571118,1.22839573579e+13,3010734866.61,2.46220332744e+17,15918612.48,0.0,0.0
154,0.0,0.0,0.00376691946665,44154068458.3,38078259857.1,13589.4448272,14297.0247677,0.0,298.0,2.09223351005e+11,54871199573.3,40073933844.3,22124.4143528,0.0,1013.0,84331583.9228,0.0,14046565307.8,0.0,2373.23013194,1.10496134634e+11,0.0,0.0,48083.4267849,968414.086577,1.22838343809e+13,2873500622.34,2.46220332744e+17,15920412.48,0.0,0.0
155,0.0,0.0,0.00654050378649,47709864472.1,33623046291.1,13971.9659687,12971.938886,0.0,298.0,2.12858516145e+11,56061598051.1,40073406850.1,26867.7300418,0.0,1013.0,84858578.1088,0.0,14039943357.6,0.0,2617.61188619,1.09966928749e+11,0.0,0.0,66169.7615009,1352061.26862,1.22836645263e+13,3032353979.66,2.46220332744e+17,15922212.48,0.0,0.0
156,0.0,0.0,0.0101408733708,49940967876.0,30134820763.9,14900.9954142,12390.7693347,0.0,298.0,2.14991562038e+11,57247127342.4,40072659890.6,34224.4270914,0.0,1013.0,85605537.5953,0.0,14030562630.3,0.0,2779.15022616,1.09606118109e+11,0.0,0.0,94076.1797341,1938149.37119,1.22834237752e+13,3562807839.88,2.46220332744e+17,15924012.48,0.0,0.0
157,0.0,0.0,0.0143342654602,51099142242.0,27285326199.9,16588.8870305,12482.5353997,0.0,298.0,2.15872953331e+11,58429990406.4,40071585640.5,44333.5995484,0.0,1013.0,86679787.7002,0.0,14017082289.3,0.0,2868.06349493,1.09484930498e+11,0.0,0.0,134589.819464,2781831.20327,1.22830775361e+13,4469223676.12,2.46220332744e+17,15925812.48,0.0,0.0
158,0.0,0.0,0.0187702426711,51373926021.0,24868113661.9,19084.1317951,13083.2419843,0.0,298.0,2.1571878913e+11,59613117799.1,40070063437.8,56449.0753387,0.0,1013.0,88201990.452,0.0,13998002325.2,0.0,2894.37568794,1.09662426885e+11,0.0,0.0,187986.174587,3882378.13158,1.22825869192e+13,5679960824.2,2.46220332744e+17,15927612.48,0.0,0.0
159,0.0,0.0,0.0230774259726,50941671737.0,22766009069.9,22278.993653,13982.5328969,0.0,298.0,2.14749122099e+11,60799904427.1,40067987377.6,69228.0782087,0.0,1013.0,90278050.6793,0.0,13972020759.1,0.0,2869.64790685,1.10162773912e+11,0.0,0.0,251702.300014,5177598.67535,1.22819177915e+13,7064581019.4,2.46220332744e+17,15929412.48,0.0,0.0
160,0.0,0.0,0.0268687726659,49973009759.6,20934066317.4,25913.7799837,14956.5294491,0.0,298.0,2.13183059625e+11,61993766775.2,40065293314.2,81077.279188,0.0,1013.0,92972114.0228,0.0,13938374861.9,0.0,2806.44337125,1.1096529065e+11,0.0,0.0,320466.13601,6550385.1497,1.22810494802e+13,8466189728.82,2.46220332744e+17,15931212.48,0.0,0.0
161,0.0,0.0,0.029925847316,48652300808.6,19346406653.9,29662.2252414,15823.3364811,0.0,298.0,2.11245872784e+11,63197671570.5,40061975955.8,90777.2670959,0.0,1013.0,96289472.444,0.0,13897052885.2,0.0,2718.51352306,1.12009903123e+11,0.0,0.0,388166.0927,7872596.03154,1.22799802816e+13,9742503782.04,2.46220332744e+17,15933012.48,0.0,0.0
162,0.0,0.0,0.0321643046006,47147859093.7,17980034375.0,33230.5038195,16478.4950755,0.0,298.0,2.09127340831e+11,64413810029.3,40058082514.7,97790.505139,0.0,1013.0,100182913.526,0.0,13848706947.8,0.0,2617.87691123,1.13216646973e+11,0.0,0.0,449812.487795,9044990.01135,1.22787254149e+13,10804513814.0,2.46220332744e+17,15934812.48,0.0,0.0
163,0.0,0.0,0.033503805724,45583374998.0,16823785929.2,36352.5165733,16871.370634,0.0,298.0,2.06960532203e+11,65643485385.4,40053700350.2,102016.464855,0.0,1013.0,104565078.07,0.0,13794487959.1,0.0,2513.10511164,1.14503434491e+11,0.0,0.0,501376.458042,9993086.72203,1.22773130388e+13,11611099879.0,2.46220332744e+17,15936612.48,0.0,0.0
164,0.0,0.0,0.0339334149506,44041813271.3,15867499949.5,38819.418722,16993.3275874,0.0,298.0,2.04832954777e+11,66887157070.1,40048943732.1,103662.772411,0.0,1013.0,109321696.096,0.0,13735869544.0,0.0,2409.69884185,1.15797537059e+11,0.0,0.0,540152.959049,10672257.1878,1.2275779985e+13,12157184675.4,2.46220332744e+17,15938412.48,0.0,0.0
165,0.0,0.0,0.0334991578385,42573274566.4,15097073912.4,40498.0019635,16870.7027428,0.0,298.0,2.02799922282e+11,68144576706.1,40043941040.0,103165.384255,0.0,1013.0,114324388.249,0.0,13674479897.2,0.0,2310.90037688,1.17041019013e+11,0.0,0.0,564894.960952,11066956.1214,1.22741676319e+13,12459740682.2,2.46220332744e+17,15940212.48,0.0,0.0
166,0.0,0.0,0.0322781913584,41202546905.9,14494885358.2,41320.8681295,16530.3493526,0.0,298.0,2.0089355117e+11,69414955355.7,40038821983.1,100910.685514,0.0,1013.0,119443445.147,0.0,13611938418.8,0.0,2217.97285671,1.18191563921e+11,0.0,0.0,575395.698877,11182470.4363,1.22725177854e+13,12547378903.0,2.46220332744e+17,15942012.48,0.0,0.0
167,0.0,0.0,0.0303578233491,39930772190.5,14049879222.9,41261.0261208,16002.2819448,0.0,298.0,1.99127458991e+11,70697120521.6,40033711972.3,97243.6346117,0.0,1013.0,124553455.983,0.0,13549784821.4,0.0,2131.24750109,1.19219826766e+11,0.0,0.0,571959.30699,11032519.3318,1.22708708653e+13,12448053989.3,2.46220332744e+17,15943812.48,0.0,0.0
168,0.0,0.0,0.027839660864,38746677524.2,13753488287.0,40327.156491,15309.7227999,0.0,298.0,1.97506557219e+11,71989637405.9,40028728957.8,92414.9405804,0.0,1013.0,129536470.446,0.0,13489441624.1,0.0,2049.98519856,1.20106057081e+11,0.0,0.0,555296.278324,10636828.9528,1.22692648856e+13,12186606645.9,2.46220332744e+17,15945612.48,0.0,0.0
169,0.0,0.0,0.0248507575834,37633700888.7,13597338294.4,38571.9031028,14481.6429888,0.0,298.0,1.96031073045e+11,73290897655.1,40023979089.2,86675.5037913,0.0,1013.0,134286339.018,0.0,13432165009.2,0.0,1972.75286194,1.20837468637e+11,0.0,0.0,526605.72531,10023361.7748,1.22677340563e+13,11785578157.9,2.46220332744e+17,15947412.48,0.0,0.0
170,0.0,0.0,0.021542548388,36563158582.4,13584700374.7,36083.0606934,13535.6778186,0.0,298.0,1.94688710022e+11,74599180639.8,40019555520.3,80160.2168378,0.0,1013.0,138709907.889,0.0,13379035759.3,0.0,1898.32334975,1.21405750054e+11,0.0,0.0,487433.81363,9224274.30025,1.22663083981e+13,11264025594.6,2.46220332744e+17,15949212.48,0.0,0.0
171,0.0,0.0,0.0180677422997,35499105352.7,13725450542.3,32978.0911084,12501.1473725,0.0,298.0,1.93455100413e+11,75912696098.1,40015534778.5,73061.3591405,0.0,1013.0,142730649.768,0.0,13330921928.4,0.0,1824.14285791,1.21806102473e+11,0.0,0.0,439621.388552,8275083.76433,1.22650125728e+13,10643029431.5,2.46220332744e+17,15951012.48,0.0,0.0
172,0.0,0.0,0.0145336244852,34390512594.7,14048456670.5,29369.799546,11398.3192848,0.0,298.0,1.9228856529e+11,77229613204.1,40011978796.8,65468.7680831,0.0,1013.0,146286631.423,0.0,13288509801.3,0.0,1747.13842107,1.22035540005e+11,0.0,0.0,384749.512442,7205999.73347,1.22638665384e+13,9940217195.48,2.46220332744e+17,15952812.48,0.0,0.0
173,0.0,0.0,0.011128170425,33184321251.8,14588721405.0,25449.7322367,10257.5083911,0.0,298.0,1.91140057708e+11,78548073863.4,40008932256.6,57530.9240185,0.0,1013.0,149333171.622,0.0,13252278125.9,0.0,1664.60339387,1.22092085445e+11,0.0,0.0,325538.225867,6066974.59342,1.22628846928e+13,9173468082.68,2.46220332744e+17,15954612.48,0.0,0.0
174,0.0,0.0,0.00803482835103,31813257375.4,15396460509.8,21444.4991088,9122.00496907,0.0,298.0,1.89934064408e+11,79866209820.3,40006413342.1,49456.8255768,0.0,1013.0,151852086.091,0.0,13222393901.2,0.0,1572.49648637,1.21975928053e+11,0.0,0.0,265132.411325,4915939.6745,1.22620728944e+13,8369758063.61,2.46220332744e+17,15956412.48,0.0,0.0
175,0.0,0.0,0.00539207162501,30177379963.0,16557492554.5,17580.1396587,8043.01217009,0.0,298.0,1.88552748807e+11,81182166598.1,40004414686.1,41474.8584018,0.0,1013.0,153850742.118,0.0,13198728607.8,0.0,1465.49365293,1.21689426209e+11,0.0,0.0,206680.484077,3809442.89465,1.22614287674e+13,7560600689.48,2.46220332744e+17,15958212.48,0.0,0.0
176,0.0,0.0,0.00330443336132,28141145115.4,18195187936.6,14063.8428162,7070.5111285,0.0,298.0,1.86832674229e+11,82494128844.4,40002903072.9,33779.9489142,0.0,1013.0,155362355.301,0.0,13180857547.4,0.0,1336.41735576,1.21237516259e+11,0.0,0.0,153134.476595,2801487.95533,1.22609416056e+13,6782940746.36,2.46220332744e+17,15960012.48,0.0,0.0
177,0.0,0.0,0.0018076865138,25515953409.1,20487996570.6,11045.6171984,6252.10762313,0.0,298.0,1.84549695739e+11,83800348826.9,40001822673.2,26564.0199663,0.0,1013.0,156442754.995,0.0,13168098928.9,0.0,1176.29482653,1.20627763446e+11,0.0,0.0,106906.062475,1935978.2886,1.22605934157e+13,6076655303.1,2.46220332744e+17,15961812.48,0.0,0.0
178,0.0,0.0,0.000858337150271,22067392501.7,23663403137.9,8568.26108145,5601.08884536,0.0,298.0,1.81430658724e+11,85099173466.2,40001101043.8,19949.567931,0.0,1013.0,157164384.481,0.0,13159583775.4,0.0,976.281445507,1.19869991688e+11,0.0,0.0,69464.9183587,1240281.87593,1.226036085e+13,5479243263.96,2.46220332744e+17,15963612.48,0.0,0.0
179,0.0,0.0,0.000341375852339,17615111918.8,27899591107.4,6530.58198243,5033.96659948,0.0,298.0,1.77260016816e+11,86389066614.0,40000657312.7,14017.2374873,0.0,1013.0,157608115.53,0.0,13154350452.6,0.0,734.991682961,1.18976158517e+11,0.0,0.0,41369.1567632,724319.587593,1.22602178452e+13,5017646329.66,2.46220332744e+17,15965412.48,0.0,0.0
180,0.0,0.0,0.000107908030863,12441106056.5,32916164042.5,4721.16111522,4298.79076191,0.0,298.0,1.7229609045e+11,87668639640.3,40000409833.2,8929.81108234,0.0,1013.0,157855595.038,0.0,13151432581.2,0.0,479.846894504,1.17962266562e+11,0.0,0.0,22314.174816,381378.273927,1.2260138088e+13,4699327055.98,2.46220332744e+17,15967212.48,0.0,0.0
181,0.0,0.0,2.48832277579e-05,7252303012.51,38005757763.8,2932.34217889,3092.98951057,0.0,298.0,1.67239342689e+11,88936710800.4,40000287092.5,4774.98941174,0.0,1013.0,157978335.749,0.0,13149985658.0,0.0,251.546952147,1.16850377188e+11,0.0,0.0,10309.2945753,171744.828663,1.22600985313e+13,4510307665.79,2.46220332744e+17,15969012.48,0.0,0.0
182,0.0,0.0,3.09393879673e-06,2963414986.14,42247105196.4,1264.82863091,1493.47844311,0.0,298.0,1.63012875026e+11,90192353902.8,40000238353.2,1706.28355743,0.0,1013.0,158027075.0,0.0,13149411140.5,0.0,87.9784858327,1.15665802844e+11,0.0,0.0,3295.81682209,53681.3801153,1.22600828238e+13,4424367072.95,2.46220332744e+17,15970812.48,0.0,0.0
183,0.0,0.0,0.0,28898203.3272,45179299259.4,11.0392005538,14.6594958466,0.0,298.0,1.60081341116e+11,91434858638.9,40000236166.3,2.80577452056e-48,0.0,1013.0,158029261.932,0.0,13149385362.5,0.0,0.0,1.14426707921e+11,0.0,0.0,1.35409890729e-49,8.89222902645e-50,1.2260082119e+13,4420303023.33,2.46220332744e+17,15972612.48,0.0,0.0
184,0.0,0.0,0.0,199647.369749,45207997874.4,0.0763282074348,0.101433361428,0.0,298.0,1.60052642537e+11,92664017682.4,40000236166.3,4.23689767736e-106,0.0,1013.0,158029261.932,0.0,13149385362.5,0.0,0.0,1.13197548882e+11,0.0,0.0,2.04512198723e-107,1.34289040615e-107,1.2260082119e+13,4420303023.33,2.46220332744e+17,15974412.48,0.0,0.0
185,0.0,0.0,0.0,1377.81979237,45208196144.3,0.000526764305989,0.000700026151737,0.0,298.0,1.60052444268e+11,93879973231.3,40000236166.3,-2.03672597507e-145,0.0,1013.0,158029261.932,0.0,13149385362.5,0.0,0.0,1.11981593333e+11,0.0,0.0,-9.8311891103e-147,-6.45604071469e-147,1.2260082119e+13,4420303023.33,2.46220332744e+17,15976212.48,0.0,0.0
186,0.0,0.0,0.0,8.9671824113,45208197513.2,3.42830886159e-06,4.55593880189e-06,0.0,298.0,1.60052442899e+11,95082867120.4,40000236166.3,7.39681620028e-156,0.0,1013.0,158029261.932,0.0,13149385362.5,0.0,0.0,1.10778699444e+11,0.0,0.0,3.57042381796e-157,2.34485161125e-157,1.2260082119e+13,4420303023.33,2.46220332744e+17,15978012.48,0.0,0.0
187,0.0,0.0,0.0,0.0538244825792,45208197522.1,2.05780302179e-08,2.73464994302e-08,0.0,298.0,1.6005244289e+11,96272839656.7,40000236166.3,9.34562016431e-164,0.0,1013.0,158029261.932,0.0,13149385362.5,0.0,0.0,1.09588726908e+11,0.0,0.0,4.51112372907e-165,2.96291165715e-165,1.2260082119e+13,4420303023.33,2.46220332744e+17,15979812.48,0.0,0.0
188,0.0,0.0,0.0,0.000323075275175,45208197522.2,1.23517263086e-10,1.64144222204e-10,0.0,298.0,1.6005244289e+11,97450029639.6,40000236166.3,1.18078718163e-171,0.0,1013.0,158029261.932,0.0,13149385362.5,0.0,0.0,1.08411536925e+11,0.0,0.0,5.69967239956e-173,3.74387913353e-173,1.2260082119e+13,4420303023.33,2.46220332744e+17,15981612.48,0.0,0.0
189,0.0,0.0,0.0,1.93922223546e-06,45208197522.2,7.41398186259e-13,9.85256842532e-13,0.0,298.0,1.6005244289e+11,98614574377.9,40000236166.3,1.49188496417e-179,0.0,1013.0,158029261.932,0.0,13149385362.5,0.0,0.0,1.07246992187e+11,0.0,0.0,7.20137183145e-181,4.73069248271e-181,1.2260082119e+13,4420303023.33,2.46220332744e+17,15983412.48,0.0,0.0
190,0.0,0.0,0.0,1.16399587572e-08,45208197522.2,4.45015746668e-15,5.91389104486e-15,0.0,298.0,1.6005244289e+11,99766609705.4,40000236166.3,1.88494744091e-187,0.0,1013.0,158029261.932,0.0,13149385362.5,0.0,0.0,1.06094956859e+11,0.0,0.0,9.09872963839e-189,5.97760755882e-189,1.2260082119e+13,4420303023.33,2.46220332744e+17,15985212.48,0.0,0.0
191,0.0,0.0,0.0,6.98675156415e-11,45208197522.2,2.67115591127e-17,3.54974518123e-17,0.0,298.0,1.6005244289e+11,1.00906269997e+11,40000236166.3,2.38157000515e-195,0.0,1013.0,158029261.932,0.0,13149385362.5,0.0,0.0,1.04955296568e+11,0.0,0.0,1.14959923773e-196,7.55318056095e-197,1.2260082119e+13,4420303023.33,2.46220332744e+17,15987012.48,0.0,0.0
192,0.0,0.0,0.0,55433897981.9,1.25150003341e+11,0.0,0.0,0.0,298.0,61150001494.7,0.0,1.09004055777e+11,0.0,0.0,1013.0,0.0,0.0,2.33833677221e+11,0.0,0.0,0.0,0.0,0.0,0.0,0.0,1.23110166372e+13,0.0,2.46220332744e+17,0.0,0.0,0.0
193,0.0,0.0,0.0138594400998,1.22407724859e+11,56504340421.6,70235.0896766,109847.63399,0.0,298.0,1.27843315861e+11,4242949.43639,1.09003065447e+11,114388.532979,0.0,1013.0,990330.290788,0.0,2.33757513675e+11,0.0,4227.74064401,868168249.872,0.0,0.0,168325.435786,1270416.38628,1.23108990308e+13,1079533035.05,2.46220332744e+17,15835023.36,0.0,0.0
194,0.0,0.0,0.0218863587516,1.26244706013e+11,49690634297.5,62041.0571229,85309.239599,0.0,298.0,1.31379619952e+11,22384512.1444,1.09000675916e+11,204840.62811,0.0,1013.0,3379860.98368,0.0,2.33573840804e+11,0.0,4507.52289091,2640011409.98,0.0,0.0,342170.260275,2649420.18859,1.2310615263e+13,2566917163.84,2.46220332744e+17,15836823.36,0.0,0.0
195,0.0,0.0,0.0314262510049,1.27553586984e+11,43902610221.9,55599.6217026,67530.5346446,0.0,298.0,1.32417260129e+11,65665470.7674,1.08996193768e+11,313469.336991,0.0,1013.0,7862008.61312,0.0,2.33229695845e+11,0.0,4624.40500732,5560242662.81,0.0,0.0,592078.069586,4620832.5688,1.2310082988e+13,4353722220.63,2.46220332744e+17,15838623.36,0.0,0.0
196,0.0,0.0,0.0416443716235,1.26714108158e+11,38782035309.9,51043.4159121,54745.1799323,0.0,298.0,1.3132622235e+11,147238515.807,1.08988895532e+11,431031.001393,0.0,1013.0,15160244.7884,0.0,2.32670382537e+11,0.0,4596.2013041,9739856539.08,0.0,0.0,920922.332677,7138647.27792,1.23092162924e+13,6304060556.1,2.46220332744e+17,15840423.36,0.0,0.0
197,0.0,0.0,0.0516249298907,1.24160578548e+11,34182368712.2,48900.4700941,46197.049203,0.0,298.0,1.2850018684e+11,280532275.699,1.08978181135e+11,545652.993226,0.0,1013.0,25874641.9962,0.0,2.31851627202e+11,0.0,4451.77186194,15115539673.9,0.0,0.0,1322093.79945,10057008.5635,1.23079439191e+13,8220690385.83,2.46220332744e+17,15842223.36,0.0,0.0
198,0.0,0.0,0.0605065028334,1.20399631884e+11,30082848908.5,49799.535814,41370.2260784,0.0,298.0,1.24366060112e+11,477370322.66,1.0896368263e+11,646629.867563,0.0,1013.0,40373146.8661,0.0,2.30748162061e+11,0.0,4226.68872752,21460127655.6,0.0,0.0,1779574.1281,13154515.5781,1.23062221796e+13,9912818666.59,2.46220332744e+17,15844023.36,0.0,0.0
199,0.0,0.0,0.0676653917987,1.15964700938e+11,26509220502.9,54140.0662268,39602.3242288,0.0,298.0,1.19356630219e+11,746486508.53,1.08945335699e+11,727125.454279,0.0,1013.0,58720077.8883,0.0,2.29359113405e+11,0.0,3957.70850177,28441960181.5,0.0,0.0,2270268.37204,16184956.8416,1.23040434452e+13,11244846953.6,2.46220332744e+17,15845823.36,0.0,0.0
200,0.0,0.0,0.0730094176269,1.11351410711e+11,23449277452.8,61951.0521645,40062.6041936,0.0,298.0,1.13862462333e+11,1092880798.05,1.08923337273e+11,786633.083707,0.0,1013.0,80718504.2906,0.0,2.27704323495e+11,0.0,3676.55433267,35717214332.1,0.0,0.0,2776169.51071,18984382.3835,1.23014311134e+13,12177241209.8,2.46220332744e+17,15847623.36,0.0,0.0
201,0.0,0.0,0.0764747048235,1.06926456609e+11,20876821901.1,72917.4099068,41968.6145638,0.0,298.0,1.08170710969e+11,1518100743.72,1.08898054607e+11,827567.402582,0.0,1013.0,106001169.818,0.0,2.25816815455e+11,0.0,3404.20988645,42996697828.9,0.0,0.0,3280242.51486,21434554.6947,1.2298428809e+13,12736688970.4,2.46220332744e+17,15849423.36,0.0,0.0
202,0.0,0.0,0.0780789942325,1.02927477805e+11,18754421611.0,86405.8868822,44670.4812591,0.0,298.0,1.02487433239e+11,2020956540.36,1.08869986252e+11,853127.608722,0.0,1013.0,134069524.98,0.0,2.23739153219e+11,0.0,3152.61795482,50063516611.7,0.0,0.0,3764149.28196,23443580.0244,1.22950957472e+13,12972647958.6,2.46220332744e+17,15851223.36,0.0,0.0
203,0.0,0.0,0.0779419314512,99481212017.8,17031805164.3,101554.694327,47681.307536,0.0,298.0,96954095606.5,2598300919.1,1.08839725866e+11,866586.227935,0.0,1013.0,164329910.997,0.0,2.21520050468e+11,0.0,2926.82162671,56771001882.4,0.0,0.0,4210042.06273,24952117.9416,1.22915024357e+13,12943737759.7,2.46220332744e+17,15853023.36,0.0,0.0
204,0.0,0.0,0.076215942944,96628258004.5,15652452747.2,117361.545952,50646.1337307,0.0,298.0,91663522844.0,3245730041.73,1.08807920498e+11,870351.372965,0.0,1013.0,196135279.371,0.0,2.19210713519e+11,0.0,2727.54695708,63030556903.0,0.0,0.0,4600646.04908,25927908.9152,1.22877257186e+13,12706653294.3,2.46220332744e+17,15854823.36,0.0,0.0
205,0.0,0.0,0.0730387157222,94344651439.3,14566402345.1,132709.707345,53303.2306927,0.0,298.0,86672824679.3,3958118834.42,1.08775248899e+11,865715.247975,0.0,1013.0,228806877.631,0.0,2.16862853871e+11,0.0,2552.96074459,68794171889.1,0.0,0.0,4917001.51071,26346446.5589,1.22838462005e+13,12307382056.2,2.46220332744e+17,15856623.36,0.0,0.0
206,0.0,0.0,0.0685325601581,92565457250.5,13731779630.5,146360.869609,55426.8131522,0.0,298.0,82020092858.2,4729963014.46,1.08742426013e+11,852731.897715,0.0,1013.0,261629763.838,0.0,2.14528744914e+11,0.0,2399.54117298,74037514359.5,0.0,0.0,5137147.43974,26183047.9286,1.22799487784e+13,11779545026.4,2.46220332744e+17,15858423.36,0.0,0.0
207,0.0,0.0,0.0628384381799,91198988490.4,13116265485.5,157034.420111,56815.2718993,0.0,298.0,77728768430.4,5555575221.3,1.08710188986e+11,830729.710261,0.0,1013.0,293866791.451,0.0,2.12260077876e+11,0.0,2263.4300343,78749652053.4,0.0,0.0,5238537.26078,25423811.4607,1.22761209807e+13,11148642250.1,2.46220332744e+17,15860223.36,0.0,0.0
208,0.0,0.0,0.0561598810991,90139499163.4,12696864892.2,163551.879841,57292.1643539,0.0,298.0,73812025270.6,6429191419.79,1.08679274592e+11,798725.315377,0.0,1013.0,324781185.041,0.0,2.10106406764e+11,0.0,2140.83714503,82926556484.7,0.0,0.0,5202122.41036,24078924.4844,1.22724502863e+13,10434289906.7,2.46220332744e+17,15862023.36,0.0,0.0
209,0.0,0.0,0.0487720051089,89270109560.5,12463853289.1,165004.484672,56752.8889292,0.0,298.0,70267685861.5,7345026344.93,1.08650391377e+11,756199.787173,0.0,1013.0,353664399.698,0.0,2.08113443352e+11,0.0,2027.68192775,86568279508.8,0.0,0.0,5016072.8247,22186448.2962,1.22690208174e+13,9654125121.09,2.46220332744e+17,15863823.36,0.0,0.0
210,0.0,0.0,0.0408868101531,88463119208.3,12427957052.8,160676.691029,55118.7045871,0.0,298.0,67075254140.4,8297311538.13,1.08624196079e+11,702188.993825,0.0,1013.0,379859697.574,0.0,2.0632184816e+11,0.0,1919.73167875,89677195446.5,0.0,0.0,4669736.21429,19782039.5844,1.22659105408e+13,8821313554.59,2.46220332744e+17,15865623.36,0.0,0.0
211,0.0,0.0,0.0328015372867,87592469233.5,12615953864.7,150432.830198,52400.4718631,0.0,298.0,64207055242.1,9280296198.69,1.0860128457e+11,636439.215971,0.0,1013.0,402771206.973,0.0,2.04767142554e+11,0.0,1813.30024236,92254111908.3,0.0,0.0,4167792.44575,16946863.1687,1.22631901937e+13,7941695948.72,2.46220332744e+17,15867423.36,0.0,0.0
212,0.0,0.0,0.0250161343806,86539705153.2,13066978660.1,135278.513743,48816.3070852,0.0,298.0,61609819995.0,10288250620.0,1.08582085648e+11,560780.288073,0.0,1013.0,421970129.053,0.0,2.03473137031e+11,0.0,1705.16897683,94303443179.9,0.0,0.0,3544105.13847,13859908.5516,1.22609106751e+13,7030718689.03,2.46220332744e+17,15869223.36,0.0,0.0
213,0.0,0.0,0.0179402011029,85177739164.0,13857249712.9,117019.490918,44790.5816203,0.0,298.0,59179497561.8,11315533759.1,1.08566787343e+11,478314.573329,0.0,1013.0,437268434.353,0.0,2.02447726796e+11,0.0,1590.98847631,95837175438.8,0.0,0.0,2848960.56535,10722382.4751,1.22590942978e+13,6109863447.65,2.46220332744e+17,15871023.36,0.0,0.0
214,0.0,0.0,0.0119465356181,83362929810.7,15110698820.3,98280.3162904,41014.8928191,0.0,298.0,56749377901.1,12356680543.1,1.08555308504e+11,393433.565164,0.0,1013.0,448747272.609,0.0,2.01681627182e+11,0.0,1465.27871298,96876281579.3,0.0,0.0,2148015.23156,7765392.91852,1.22577314169e+13,5206392248.04,2.46220332744e+17,15872823.36,0.0,0.0
215,0.0,0.0,0.00728135487526,80902705735.1,17027157926.6,82060.7955122,38564.3954522,0.0,298.0,54055358699.4,13406517273.7,1.08547286522e+11,311465.554868,0.0,1013.0,456769255.217,0.0,2.01147912426e+11,0.0,1320.38308015,97453942910.6,0.0,0.0,1508456.42577,5203071.29377,1.22567789723e+13,4356557370.1,2.46220332744e+17,15874623.36,0.0,0.0
216,0.0,0.0,0.00400110844751,77510378614.6,19918389179.7,71292.0723695,39141.9492457,0.0,298.0,50701828746.8,14460304318.9,1.08542126461e+11,237518.817339,0.0,1013.0,461929316.177,0.0,2.00805331583e+11,0.0,1145.85447405,97617067148.0,0.0,0.0,982864.838413,3185741.37442,1.22561663237e+13,3602028347.23,2.46220332744e+17,15876423.36,0.0,0.0
217,0.0,0.0,0.00195606024538,72762450685.0,24237675184.0,68646.2399269,45763.8272349,0.0,298.0,46141396201.1,15513882887.0,1.08539105993e+11,175476.998509,0.0,1013.0,464949783.973,0.0,2.00605063397e+11,0.0,931.071371795,97425291334.6,0.0,0.0,596585.893116,1764105.03375,1.22558077075e+13,2981423577.98,2.46220332744e+17,15878223.36,0.0,0.0
218,0.0,0.0,0.000839570267884,66251251822.9,30415647038.5,76662.7646721,64001.7749662,0.0,298.0,39856130991.1,16563794622.6,1.08537510879e+11,126659.788179,0.0,1013.0,466544897.568,0.0,2.00499379824e+11,0.0,677.148082169,96946529272.9,0.0,0.0,343036.886623,879042.763341,1.22556183219e+13,2517571584.23,2.46220332744e+17,15880023.36,0.0,0.0
219,0.0,0.0,0.000308606477237,58041844964.3,38396862494.7,98266.2010863,103410.851243,0.0,298.0,31836756981.6,17607339715.3,1.08536751904e+11,88890.9375779,0.0,1013.0,467303873.038,0.0,2.00449113232e+11,0.0,414.705841156,96250061046.5,0.0,0.0,190633.623828,391791.045511,1.22555282099e+13,2208590618.5,2.46220332744e+17,15881823.36,0.0,0.0
220,0.0,0.0,9.29926902971e-05,48394016056.5,47914082755.5,141952.212139,186177.54186,0.0,298.0,22309254378.0,18642551355.7,1.08536438166e+11,56998.127027,0.0,1013.0,467617611.304,0.0,2.00428338072e+11,0.0,189.76473585,95396912459.1,0.0,0.0,97811.4148981,141405.688594,1.22554909602e+13,2036632581.74,2.46220332744e+17,15883623.36,0.0,0.0
221,0.0,0.0,0.0,35792801176.9,60477315171.4,297554.996356,489335.583731,0.0,298.0,9743394021.99,19668102368.7,1.08536368945e+11,1.80609505803e-08,0.0,1013.0,467686831.645,0.0,2.00423754713e+11,0.0,0.0,94419919135.5,0.0,0.0,1.29742738314e-08,1.31411505028e-09,1.22554827418e+13,1989997911.79,2.46220332744e+17,15885423.36,0.0,0.0
222,0.0,0.0,0.0,29563348237.0,66701368142.5,740399.120795,1347198.81887,0.0,298.0,3515938589.12,20683594587.1,1.08536368945e+11,3.47416261935e-24,0.0,1013.0,467686831.645,0.0,2.00423754713e+11,0.0,0.0,93405670808.2,0.0,0.0,3.4245164096e-24,1.22795075608e-25,1.22554827418e+13,1989997911.79,2.46220332744e+17,15887223.36,0.0,0.0
223,0.0,0.0,0.0,27423310289.5,68828730381.8,1742370.77041,3273447.65552,0.0,298.0,1380585526.37,21690084325.1,1.08536368945e+11,8.4439670577e-31,0.0,1013.0,467686831.645,0.0,2.00423754713e+11,0.0,0.0,92402317424.4,0.0,0.0,9.27526311623e-31,1.29896675256e-32,1.22554827418e+13,1989997911.79,2.46220332744e+17,15889023.36,0.0,0.0
224,0.0,0.0,0.0,26557535977.0,69664542667.3,4096563.02611,7789995.78695,0.0,298.0,525883796.892,22690161953.4,1.08536368945e+11,1.70024096074e-33,0.0,1013.0,467686831.645,0.0,2.00423754713e+11,0.0,0.0,91409741951.6,0.0,0.0,1.94925464725e-33,1.04688838696e-35,1.22554827418e+13,1989997911.79,2.46220332744e+17,15890823.36,0.0,0.0
225,0.0,0.0,0.0,26176751919.3,69974121972.4,9689728.76146,18510896.944,0.0,298.0,171414244.713,23689930569.2,1.08536368945e+11,1.6621296938e-34,0.0,1013.0,467686831.645,0.0,2.00423754713e+11,0.0,0.0,90427828614.7,0.0,0.0,1.94012387353e-34,3.55013326487e-37,1.22554827418e+13,1989997911.79,2.46220332744e+17,15892623.36,0.0,0.0
226,0.0,0.0,0.0,25986034900.4,70008476232.0,21540837.7286,41240057.0688,0.0,298.0,38422456.315,24702624401.3,1.08536368945e+11,7.87446738507e-35,0.0,1013.0,467686831.645,0.0,2.00423754713e+11,0.0,0.0,89456462882.2,0.0,0.0,9.26161726803e-35,5.08716081631e-38,1.22554827418e+13,1989997911.79,2.46220332744e+17,15894423.36,0.0,0.0
227,0.0,0.0,0.0,25857394392.4,69877424376.7,38425245.1602,73681955.1683,0.0,298.0,5264409.55272,25745997528.8,1.08536368945e+11,6.04860383622e-35,0.0,1013.0,467686831.645,0.0,2.00423754713e+11,0.0,0.0,88495531453.1,0.0,0.0,7.1389108708e-35,2.10938081912e-38,1.22554827418e+13,1989997911.79,2.46220332744e+17,15896223.36,0.0,0.0
228,0.0,0.0,0.0,25741253921.1,69685728887.8,52594110.6224,100848088.579,0.0,298.0,1509298.64923,26823556206.5,1.08536368945e+11,4.88179221768e-35,0.0,1013.0,467686831.645,0.0,2.00423754713e+11,0.0,0.0,87544922243.0,0.0,0.0,5.77657794223e-35,1.87656000388e-38,1.22554827418e+13,1989997911.79,2.46220332744e+17,15898023.36,0.0,0.0
229,0.0,0.0,0.0,25626929160.2,69485195995.9,61419226.4797,117587915.395,0.0,298.0,1367132.95103,27922324365.6,1.08536368945e+11,3.82724907166e-35,0.0,1013.0,467686831.645,0.0,2.00423754713e+11,0.0,0.0,86604524371.9,0.0,0.0,4.5406701919e-35,1.66053957492e-38,1.22554827418e+13,1989997911.79,2.46220332744e+17,15899823.36,0.0,0.0
230,0.0,0.0,0.0,25513449854.0,69284316537.6,66517552.9323,127061779.184,0.0,298.0,1387657.60966,29029433466.7,1.08536368945e+11,2.93406517848e-35,0.0,1013.0,467686831.645,0.0,2.00423754713e+11,0.0,0.0,85674228150.5,0.0,0.0,3.49055193384e-35,1.36388457292e-38,1.22554827418e+13,1989997911.79,2.46220332744e+17,15901623.36,0.0,0.0
231,0.0,0.0,0.0,25400782795.5,69084072680.2,69389770.2491,132209099.918,0.0,298.0,1399063.08589,30136802142.2,1.08536368945e+11,2.22026902544e-35,0.0,1013.0,467686831.645,0.0,2.00423754713e+11,0.0,0.0,84753925068.1,0.0,0.0,2.64880157121e-35,1.07334655799e-38,1.22554827418e+13,1989997911.79,2.46220332744e+17,15903423.36,0.0,0.0
232,0.0,0.0,0.0,25288927382.5,68884801250.5,70950752.177,134817923.952,0.0,298.0,1403471.47305,31239707822.1,1.08536368945e+11,1.66799980209e-35,0.0,1013.0,467686831.645,0.0,2.00423754713e+11,0.0,0.0,83843507779.6,0.0,0.0,1.99560171439e-35,8.25093222991e-39,1.22554827418e+13,1989997911.79,2.46220332744e+17,15905223.36,0.0,0.0
233,0.0,0.0,0.0,25177879586.4,68686689144.6,71739871.4221,135939394.918,0.0,298.0,1404197.35193,32335424827.6,1.08536368945e+11,1.24828768454e-35,0.0,1013.0,467686831.645,0.0,2.00423754713e+11,0.0,0.0,82942870092.9,0.0,0.0,1.49772799948e-35,6.26059403596e-39,1.22554827418e+13,1989997911.79,2.46220332744e+17,15907023.36,0.0,0.0
234,0.0,0.0,0.0,25067633300.8,68489840917.9,72074765.6871,136190706.505,0.0,298.0,1402912.52132,33422399957.9,1.08536368945e+11,9.32458012299e-36,0.0,1013.0,467686831.645,0.0,2.00423754713e+11,0.0,0.0,82051906956.6,0.0,0.0,1.1219911904e-35,4.71662022152e-39,1.22554827418e+13,1989997911.79,2.46220332744e+17,15908823.36,0.0,0.0
235,0.0,0.0,2.23854055319e-05,25025216100.2,68231505261.2,70461264.4974,135449945.764,0.0,298.0,66949825.975,34499767202.3,1.08536368719e+11,5466.72496262,0.0,1013.0,467687057.938,0.0,2.00423739729e+11,0.0,129.280754201,81170730408.0,0.0,0.0,37353.0095879,54349.9171964,1.22554827149e+13,1989685515.17,2.46220332744e+17,15910623.36,0.0,0.0
236,0.0,0.0,0.000133947864134,42797111421.7,50871282887.1,166429.72594,237127.864244,0.0,298.0,17751054017.2,35388080402.2,1.08536206919e+11,112164.515623,0.0,1013.0,467848857.742,0.0,2.00413026706e+11,0.0,323.819222592,80429189442.3,0.0,0.0,181559.784214,209978.909486,1.22554635046e+13,1859645236.74,2.46220332744e+17,15912423.36,0.0,0.0
237,0.0,0.0,0.00045020907123,56189204777.9,37305211066.3,92516.3325171,96064.6906197,0.0,298.0,31293076985.5,36253425460.9,1.08535813383e+11,96993.7460077,0.0,1013.0,468242394.012,0.0,2.00386972366e+11,0.0,561.94254049,79796447718.8,0.0,0.0,214797.635363,435332.561768,1.22554167807e+13,1651461964.47,2.46220332744e+17,15914223.36,0.0,0.0
238,0.0,0.0,0.00117704156692,65044592029.3,28213637544.9,65790.3450031,51558.9968356,0.0,298.0,40285130746.6,37112329053.8,1.08535086266e+11,98772.2931702,0.0,1013.0,468969511.111,0.0,2.00338841738e+11,0.0,807.712023468,79255026121.2,0.0,0.0,289420.487672,751639.336341,1.22553304512e+13,1433613688.39,2.46220332744e+17,15916023.36,0.0,0.0
239,0.0,0.0,0.00260535158131,71093475402.4,21851155118.4,53160.7838914,32201.4552503,0.0,298.0,46375375544.8,37965794112.4,1.08533878551e+11,108545.324296,0.0,1013.0,470177226.521,0.0,2.00258923327e+11,0.0,1015.73145505,78798033728.2,0.0,0.0,411007.622373,1224994.28156,1.22551870611e+13,1309420222.56,2.46220332744e+17,15917823.36,0.0,0.0
240,0.0,0.0,0.0050460210504,74927453811.1,17580251892.3,49618.2827901,24123.4795392,0.0,298.0,50056841960.2,38814854442.7,1.08531902313e+11,133910.825921,0.0,1013.0,472153464.014,0.0,2.00128216183e+11,0.0,1170.23238553,78450960727.1,0.0,0.0,630938.77821,2026464.0998,1.22549524259e+13,1396864037.08,2.46220332744e+17,15919623.36,0.0,0.0
241,0.0,0.0,0.00869679145813,77267691787.9,14631868800.9,54339.7109819,21936.5596444,0.0,298.0,51934774781.4,39661051743.6,1.08528578747e+11,182466.523518,0.0,1013.0,475477029.841,0.0,1.99908584556e+11,0.0,1276.51098776,78283896232.5,0.0,0.0,1033757.39971,3443159.40806,1.22545578251e+13,1788132597.79,2.46220332744e+17,15921423.36,0.0,0.0
242,0.0,0.0,0.0135687169046,78647506799.3,12485471570.4,68344.3680893,23504.8630427,0.0,298.0,52405243485.6,40506846601.5,1.08522953228e+11,258277.333217,0.0,1013.0,481102548.866,0.0,1.99537366499e+11,0.0,1342.45410688,78392949774.7,0.0,0.0,1715049.05084,5766548.5738,1.22538899192e+13,2509119771.91,2.46220332744e+17,15923223.36,0.0,0.0
243,0.0,0.0,0.0195031575331,79478280936.2,10853162038.7,93024.0764286,27788.3603202,0.0,298.0,51736975798.5,41355722405.6,1.08513784526e+11,360026.899132,0.0,1013.0,490271251.19,0.0,1.98933775693e+11,0.0,1377.18232929,78865495978.3,0.0,0.0,2749878.95443,9141621.57491,1.22528013424e+13,3488139986.69,2.46220332744e+17,15925023.36,0.0,0.0
244,0.0,0.0,0.0262484726632,80137929172.1,9586851755.78,129072.609498,34052.6320461,0.0,298.0,50187520136.7,42211900859.5,1.08499805851e+11,481613.373836,0.0,1013.0,504249926.472,0.0,1.98016950863e+11,0.0,1391.06605849,79746845104.3,0.0,0.0,4163723.6255,13459413.5461,1.22511416988e+13,4566208188.01,2.46220332744e+17,15926823.36,0.0,0.0
245,0.0,0.0,0.033569485522,80970552754.8,8605180809.64,176282.48761,41746.6967145,0.0,298.0,48019580951.6,43079800167.3,1.08480027764e+11,615945.35518,0.0,1013.0,524028013.344,0.0,1.96726771628e+11,0.0,1394.40060266,81028928327.5,0.0,0.0,5932259.00182,18409595.3942,1.22487935284e+13,5565638858.19,2.46220332744e+17,15928623.36,0.0,0.0
246,0.0,0.0,0.0412259060049,82239591231.0,7849761403.83,234206.503796,50606.750965,0.0,298.0,45449170901.0,43963528097.3,1.08453884557e+11,759365.728262,0.0,1013.0,550171220.197,0.0,1.95033911755e+11,0.0,1394.50721036,82666593139.3,0.0,0.0,8016719.30431,23643893.6913,1.22456896875e+13,6369856508.38,2.46220332744e+17,15930423.36,0.0,0.0
247,0.0,0.0,0.0489657266884,84104691437.4,7269707738.96,303140.115899,60667.4876162,0.0,298.0,42618056071.8,44866616011.9,1.08421199659e+11,912719.370612,0.0,1013.0,582856118.385,0.0,1.92937366314e+11,0.0,1395.0847255,84602087564.4,0.0,0.0,10405846.0518,28917245.1811,1.22418092413e+13,6942200254.01,2.46220332744e+17,15932223.36,0.0,0.0
248,0.0,0.0,0.0566965354334,86649500822.8,6813638068.34,385365.53183,72284.8453639,0.0,298.0,39603993092.1,45791996210.1,1.08381976929e+11,1081942.43491,0.0,1013.0,622078848.049,0.0,1.90450366506e+11,0.0,1397.64027756,86784565867.4,0.0,0.0,13163742.8497,34184236.8696,1.22371526842e+13,7304199719.85,2.46220332744e+17,15934023.36,0.0,0.0
249,0.0,0.0,0.0641851903793,89915817235.6,6442741753.92,484242.610962,85893.9141366,0.0,298.0,36451376376.7,46742117856.3,1.08336231597e+11,1273961.58317,0.0,1013.0,667824179.679,0.0,1.8758914332e+11,0.0,1401.99570822,89174375629.9,0.0,0.0,16395567.0338,39434993.63,1.22317218676e+13,7487463226.7,2.46220332744e+17,15935823.36,0.0,0.0
250,0.0,0.0,0.0711186295882,93923156934.4,6129955268.91,603551.198446,101858.508186,0.0,298.0,33203280760.4,47719025295.7,1.08284015527e+11,1494602.01824,0.0,1013.0,720040250.092,0.0,1.84374254268e+11,0.0,1407.206585,91734600072.2,0.0,0.0,20221863.8692,44623439.3487,1.2225522999e+13,7510841567.94,2.46220332744e+17,15937623.36,0.0,0.0
251,0.0,0.0,0.077171298852,98672012111.1,5854470430.6,747374.015064,120466.541399,0.0,298.0,29906880334.0,48724346455.5,1.08225466369e+11,1749232.25486,0.0,1013.0,778589407.625,0.0,1.80833130339e+11,0.0,1411.86843913,94424113589.2,0.0,0.0,24786855.0896,49666543.4572,1.22185724763e+13,7387456486.82,2.46220332744e+17,15939423.36,0.0,0.0
252,0.0,0.0,0.0820010543628,1.04145603927e+11,5599361690.99,919806.110873,141813.313116,0.0,298.0,26616127915.5,49759221440.6,1.08160838571e+11,2041771.51275,0.0,1013.0,843217205.785,0.0,1.77001122682e+11,0.0,1414.5533109,97192904628.7,0.0,0.0,30256534.3741,54449806.2681,1.22109005672e+13,7129143955.45,2.46220332744e+17,15941223.36,0.0,0.0
253,0.0,0.0,0.0852411603836,1.10303861279e+11,5352760740.37,1123403.47686,165600.617339,0.0,298.0,23392977145.2,50824183661.9,1.08090570741e+11,2372621.27193,0.0,1013.0,913485036.336,0.0,1.72924271131e+11,0.0,1413.83472474,99978040639.6,0.0,0.0,36784269.7298,58783082.7096,1.22025594025e+13,6748215422.42,2.46220332744e+17,15943023.36,0.0,0.0
254,0.0,0.0,0.0865142156607,1.17070935545e+11,5107360063.31,1357010.32385,190889.773004,0.0,298.0,20306613951.7,51919004460.1,1.08015401356e+11,2735675.92286,0.0,1013.0,988654421.316,0.0,1.68664107622e+11,0.0,1408.17864497,1.02701546996e+11,0.0,0.0,44457882.5381,62385927.8445,1.21936367064e+13,6261004898.42,2.46220332744e+17,15944823.36,0.0,0.0
255,0.0,0.0,0.0854933876061,1.24324459938e+11,4860133763.08,1612231.10367,215888.010023,0.0,298.0,17428809833.9,53042539719.3,1.07936468141e+11,3115225.26044,0.0,1013.0,1067587636.52,0.0,1.64300482014e+11,0.0,1396.1945151,1.05272891338e+11,0.0,0.0,53199102.9029,64880177.3001,1.21842675831e+13,5690470949.26,2.46220332744e+17,15946623.36,0.0,0.0
256,0.0,0.0,0.0819949060424,1.31886961604e+11,4613062924.78,1870423.43065,237814.788812,0.0,298.0,14826645778.1,54192623009.1,1.07855407648e+11,3481439.4879,0.0,1013.0,1148648129.28,0.0,1.59933534855e+11,0.0,1376.73747175,1.07595551511e+11,0.0,0.0,62627208.8777,65844541.7875,1.21746463257e+13,5066294119.6,2.46220332744e+17,15948423.36,0.0,0.0
257,0.0,0.0,0.0760508502966,1.39526470485e+11,4374037180.71,2101886.99458,253504.879873,0.0,298.0,12548581178.1,55366067708.8,1.07774369722e+11,3794205.9373,0.0,1013.0,1229686054.83,0.0,1.55680672648e+11,0.0,1348.43146599,1.09580741626e+11,0.0,0.0,71962977.0297,64881685.2146,1.2165028119e+13,4424174039.44,2.46220332744e+17,15950223.36,0.0,0.0
258,0.0,0.0,0.0677467957961,1.46971099382e+11,4156527948.47,2265667.7733,259814.001691,0.0,298.0,10617655348.0,56558836589.7,1.07695963758e+11,4002573.14907,0.0,1013.0,1308092018.63,0.0,1.51670680054e+11,0.0,1309.37431215,1.11162499019e+11,0.0,0.0,79846757.2714,61620593.1033,1.21557226481e+13,3797698061.32,2.46220332744e+17,15952023.36,0.0,0.0
259,0.0,0.0,0.0574653788726,1.5393148213e+11,3976885847.63,2320791.80992,254767.053532,0.0,298.0,9030740868.11,57766340417.4,1.07623147682e+11,4057467.89049,0.0,1013.0,1380908095.22,0.0,1.48036619161e+11,0.0,1257.85632299,1.12306818033e+11,0.0,0.0,84542132.8448,55949199.9947,1.21470809153e+13,3212331875.15,2.46220332744e+17,15953823.36,0.0,0.0
260,0.0,0.0,0.0461248424046,1.60146048724e+11,3851097152.46,2248870.56164,239188.096171,0.0,298.0,7751752470.83,58983837172.6,1.07558660409e+11,3940995.14319,0.0,1013.0,1445395367.77,0.0,1.44889011595e+11,0.0,1192.68389841,1.13020208248e+11,0.0,0.0,84731852.2208,48291904.0209,1.21394278872e+13,2686441549.26,2.46220332744e+17,15955623.36,0.0,0.0
261,0.0,0.0,0.0346849905363,1.65402899826e+11,3798127227.19,2053471.10967,215507.215248,0.0,298.0,6721691043.81,60206851239.9,1.07504562079e+11,3658533.53083,0.0,1013.0,1499493698.3,0.0,1.42298751767e+11,0.0,1111.95924574,1.13342270166e+11,0.0,0.0,79684364.6756,39287029.6519,1.21330079492e+13,2224922139.28,2.46220332744e+17,15957423.36,0.0,0.0
262,0.0,0.0,0.0241678489776,1.69544145888e+11,3840981714.82,1764290.4755,187314.74983,0.0,298.0,5869740092.79,61431440219.9,1.07461976112e+11,3242423.74744,0.0,1013.0,1542079665.4,0.0,1.40291430552e+11,0.0,1013.58833817,1.13328668662e+11,0.0,0.0,69770476.1845,29809628.61,1.21279543192e+13,1823792801.87,2.46220332744e+17,15959223.36,0.0,0.0
263,0.0,0.0,0.0154221084934,1.72478662558e+11,4012195948.29,1429550.06245,158582.542476,0.0,298.0,5115876064.08,62654287484.5,1.0743089214e+11,2744791.34634,0.0,1013.0,1573163637.46,0.0,1.38843670727e+11,0.0,895.245933824,1.13036387094e+11,0.0,0.0,56492241.4899,20797673.3714,1.21242656835e+13,1476766738.55,2.46220332744e+17,15961023.36,0.0,0.0
264,0.0,0.0,0.00892049731158,1.74205499267e+11,4356825152.4,1109616.72724,133640.986202,0.0,298.0,4372419021.83,63872657357.1,1.07410172369e+11,2230165.71823,0.0,1013.0,1593883408.51,0.0,1.37886709769e+11,0.0,753.802112335,1.12513945733e+11,0.0,0.0,42239543.8196,13124730.6926,1.21218069649e+13,1180550506.49,2.46220332744e+17,15962823.36,0.0,0.0
265,0.0,0.0,0.00465419925569,1.74838298322e+11,4925503764.26,868155.710776,118074.906958,0.0,298.0,3549672846.63,65084288246.6,1.07397757378e+11,1766335.59784,0.0,1013.0,1606298399.12,0.0,1.37316387625e+11,0.0,587.400495805,1.11799719425e+11,0.0,0.0,29579492.1412,7382066.89452,1.21203337476e+13,937949912.36,2.46220332744e+17,15964623.36,0.0,0.0
266,0.0,0.0,0.00218633682851,1.74631214789e+11,5719345672.11,776086.24847,122206.399082,0.0,298.0,2609055858.21,66287309002.1,1.07391142269e+11,1399346.96615,0.0,1013.0,1612913508.28,0.0,1.3701343865e+11,0.0,395.817907686,1.10926681666e+11,0.0,0.0,20178794.6477,3678191.86196,1.21195487733e+13,755192791.416,2.46220332744e+17,15966423.36,0.0,0.0
267,0.0,0.0,0.000911065380691,1.73971662331e+11,6615150519.9,962021.338748,174352.665597,0.0,298.0,1639775236.59,67480225967.9,1.07388021064e+11,1128620.28486,0.0,1013.0,1616034712.57,0.0,1.36870724057e+11,0.0,202.200356224,1.09928194102e+11,0.0,0.0,14074118.81,1613720.9457,1.21191784e+13,634219662.539,2.46220332744e+17,15968223.36,0.0,0.0
268,0.0,0.0,0.000325928753183,1.73213023166e+11,7444883351.75,1951401.83133,395611.019357,0.0,298.0,777034052.235,68662023008.1,1.07386742011e+11,961727.373116,0.0,1013.0,1617313766.15,0.0,1.36812282098e+11,0.0,65.8437339537,1.08842828426e+11,0.0,0.0,10661028.6758,589851.455457,1.21190266231e+13,569531645.694,2.46220332744e+17,15970023.36,0.0,0.0
269,0.0,0.0,0.0,1.72465403912e+11,8158663700.21,18865796.7602,4107600.9882,0.0,298.0,27095335.4543,69833225248.4,1.07386429051e+11,527906.971428,0.0,1013.0,1617626725.63,0.0,1.36797986184e+11,0.0,0.0,1.0770008115e+11,0.0,0.0,5323547.5614,15394.4027826,1.21189894863e+13,553330495.52,2.46220332744e+17,15971823.36,0.0,0.0
270,0.0,0.0,0.0,1.72351684346e+11,8081456435.08,79597292.04,17585311.2057,0.0,298.0,90733.1908985,71005639502.0,1.07386415471e+11,342638.230415,0.0,1013.0,1617640305.63,0.0,1.36797365886e+11,0.0,0.0,1.06544441897e+11,0.0,0.0,3487635.26003,10224.2306842,1.21189878748e+13,553265715.713,2.46220332744e+17,15973623.36,0.0,0.0
271,0.0,0.0,0.0,1.72261690593e+11,7967332975.53,134849159.057,29507417.1068,0.0,298.0,106803.424231,72184310140.0,1.07386404203e+11,192597.777629,0.0,1013.0,1617651574.36,0.0,1.36796851163e+11,0.0,0.0,1.05400987103e+11,0.0,0.0,1985755.87663,7769.90414754,1.21189865376e+13,553211222.328,2.46220332744e+17,15975423.36,0.0,0.0
272,0.0,0.0,0.0,1.72173761219e+11,7849487953.93,182484335.984,39407393.9938,0.0,298.0,120821.26535,73366357442.8,1.07386396568e+11,94139.7794405,0.0,1013.0,1617659208.92,0.0,1.36796502439e+11,0.0,0.0,1.04269471046e+11,0.0,0.0,984053.54285,4689.656672,1.21189856317e+13,553174308.152,2.46220332744e+17,15977223.36,0.0,0.0
273,0.0,0.0,0.0,1.72087660877e+11,7728571006.84,223797478.729,47626737.8734,0.0,298.0,128575.036228,74549261509.0,1.07386392313e+11,40922.6690376,0.0,1013.0,1617663464.2,0.0,1.36796308071e+11,0.0,0.0,1.03149798132e+11,0.0,0.0,434040.423023,2392.75282535,1.21189851267e+13,553153735.0,2.46220332744e+17,15979023.36,0.0,0.0
274,0.0,0.0,0.0,1.72003186948e+11,7605417317.73,259630411.858,54401614.6374,0.0,298.0,132957.640937,75730907885.8,1.07386390268e+11,16118.0083083,0.0,1013.0,1617665508.72,0.0,1.36796214683e+11,0.0,0.0,1.02041953064e+11,0.0,0.0,173579.840908,1070.81632223,1.21189848841e+13,553143850.728,2.46220332744e+17,15980823.36,0.0,0.0
275,0.0,0.0,0.0,1.71920217542e+11,7480826251.79,290653528.865,59926321.755,0.0,298.0,135315.549599,76909486983.4,1.07386389395e+11,5844.62508096,0.0,1013.0,1617666381.67,0.0,1.3679617481e+11,0.0,0.0,1.00945904637e+11,0.0,0.0,63947.2311261,431.40119032,1.21189847805e+13,553139630.524,2.46220332744e+17,15982623.36,0.0,0.0
276,0.0,0.0,0.0,1.71838694148e+11,7355463317.93,317475327.039,64376293.4222,0.0,298.0,136370.90353,78083453804.7,1.07386389057e+11,1978.32021166,0.0,1013.0,1617666720.46,0.0,1.36796159335e+11,0.0,0.0,99861583457.0,0.0,0.0,22001.817668,159.621129204,1.21189847403e+13,553137992.695,2.46220332744e+17,15984423.36,0.0,0.0
277,0.0,0.0,0.0,1.71758592264e+11,7229857065.6,340657325.761,67910494.9118,0.0,298.0,136547.697863,79251503429.2,1.07386388935e+11,632.553281583,0.0,1013.0,1617666842.12,0.0,1.36796153778e+11,0.0,0.0,98788891440.3,0.0,0.0,7153.75398832,55.114137301,1.21189847259e+13,553137404.55,2.46220332744e+17,15986223.36,0.0,0.0
278,0.0,0.0,0.0,1.71679900952e+11,7104426256.74,360704351.091,70669740.7188,0.0,298.0,136111.479509,80412545810.3,1.07386388894e+11,192.967747775,0.0,1013.0,1617666883.13,0.0,1.36796151904e+11,0.0,0.0,97727715425.2,0.0,0.0,2220.02561112,17.9881418568,1.2118984721e+13,553137206.269,2.46220332744e+17,15988023.36,0.0,0.0
279,0.0,0.0,0.0,1.71602612527e+11,6979507053.75,378058925.349,72775819.9163,0.0,298.0,135236.167662,81565678619.6,1.07386388881e+11,56.6469264509,0.0,1013.0,1617666896.27,0.0,1.36796151304e+11,0.0,0.0,96677936161.4,0.0,0.0,663.185382426,5.60918986498,1.21189847195e+13,553137142.78,2.46220332744e+17,15989823.36,0.0,0.0
280,0.0,0.0,0.0,1.71526718431e+11,6855372411.78,393102808.356,74332555.9461,0.0,298.0,134040.925166,82710160543.7,1.07386388877e+11,16.1247287136,0.0,1013.0,1617666900.3,0.0,1.3679615112e+11,0.0,0.0,95639432779.4,0.0,0.0,192.148688287,1.68617078101,1.2118984719e+13,553137123.286,2.46220332744e+17,15991623.36,0.0,0.0
281,0.0,0.0,0.0,1.71452208033e+11,6732244918.81,406162500.649,75428056.8863,0.0,298.0,132609.926613,83845386907.6,1.07386388876e+11,4.4785068828,0.0,1013.0,1617666901.5,0.0,1.36796151066e+11,0.0,0.0,94612084662.7,0.0,0.0,54.3331111019,0.492285869779,1.21189847189e+13,553137117.497,2.46220332744e+17,15993423.36,0.0,0.0
282,0.0,0.0,0.0,1.71379068532e+11,6610306253.02,417516551.898,76136678.8227,0.0,298.0,131004.160881,84970868411.5,1.07386388875e+11,1.22013345513,0.0,1013.0,1617666901.84,0.0,1.3679615105e+11,0.0,0.0,93595772140.2,0.0,0.0,15.0734018099,0.140452598206,1.21189847188e+13,553137115.823,2.46220332744e+17,15995223.36,0.0,0.0
283,0.0,0.0,0.0,1.71307285229e+11,6489704107.84,427402416.012,76521140.4054,0.0,298.0,129268.868509,86086212930.6,1.07386388875e+11,0.327552423863,0.0,1013.0,1617666901.94,0.0,1.36796151045e+11,0.0,0.0,92590376715.7,0.0,0.0,4.12127900208,0.039363619433,1.21189847188e+13,553137115.349,2.46220332744e+17,15997023.36,0.0,0.0
284,0.0,0.0,0.000529624547071,1.72482219801e+11,6297718414.58,1553501.87029,273526.086998,0.0,298.0,747456194.014,87097368788.1,1.0738577628e+11,1331740.94153,0.0,1013.0,1618279497.15,0.0,1.36768172411e+11,0.0,112.195800129,91640074754.9,0.0,0.0,17495255.5607,977934.769228,1.21189120262e+13,513954388.936,2.46220332744e+17,15998823.36,0.0,0.0
285,0.0,0.0,0.0013688867572,1.73424917067e+11,5470852415.6,819359.176997,124495.096798,0.0,298.0,1520843749.27,88082605832.8,1.07383829567e+11,1390324.6525,0.0,1013.0,1620226210.34,0.0,1.36679298457e+11,0.0,275.594577136,90777749135.1,0.0,0.0,21014244.4978,2307603.85069,1.21186810228e+13,445495028.658,2.46220332744e+17,16000623.36,0.0,0.0
286,0.0,0.0,0.0031228321966,1.74655316934e+11,4541303001.05,708350.696521,88920.768481,0.0,298.0,2292480839.25,89058926309.3,1.07379635162e+11,1578854.09375,0.0,1013.0,1624420614.64,0.0,1.36488000656e+11,0.0,466.690735473,90012480354.2,0.0,0.0,28780372.2842,4758461.50921,1.21181833016e+13,392349285.262,2.46220332744e+17,16002423.36,0.0,0.0
287,0.0,0.0,0.00639443242147,1.76210948531e+11,3667967713.08,860271.245474,86959.3917628,0.0,298.0,2820110227.08,90027543025.4,1.0737125528e+11,1999127.45789,0.0,1013.0,1632800496.6,0.0,1.36106591307e+11,0.0,634.677966735,89356952245.9,0.0,0.0,45171975.7485,9302501.14268,1.21171889216e+13,424398306.598,2.46220332744e+17,16004223.36,0.0,0.0
