Description,,,,,,,,,,,,,,,,,,,,,,,,,,,,,,,,,,,,,,,,,,,,,,,,,,,,,,,,,,,,,,,,,,,,,,,,,,,,,,,,,,,,,,,,,,,,,,,,,,,,,,,,,,,,,,,,,,,,,,,,,,,,,,,,,,,,,,,,,,,,,,,,,,,,,,,,,,,,,,,,,,,,,,,,,,,,,,,,,,,,,,,,,,,,,,,,,,,,,,,,,,,,,,,,,,,,,,,,,,,,,,,,,,,,,,,,,,,,,,,,,,,,,,,,,,,,,,,,,,,,,,,,,,,,,,,,,,,,,,,,,,,,,,,,,,,,,,,,,,,,,,,,,,,,,,,,,,,,,,,,,,,,,,,,,,,,,,,,,,,,,,,,,,,,,,,,,,,,,,,,,,,,,,,,,,,,,,,,,,,,,,,,,,,,,,,,,,,,,,,,,,,,,,,,,,,,,,,,,,,,,,,,,,,,,,,,,,,,,,,,,,,,,,,,,,,,,,,,,,,,,,,,,,,,,,,,,,,,,,,,,,,,,,,,,,,,,,,,,,,,,,,,,,,,,,,,,,,,,,,,,,,,,,,,,,,,,,,,,,,,,,,,,,,,,,,,,,,,,,,,,,,,,,,,,,,,,,,,,,,,,,,,,,,,,,,,,,,,,,,,,,,,,,,,,,,,,,,,,,,,,,,,,,,,,,,,,,,,,,,,,,,,,,,,,,,,,,,,,,,,,,,,,,,,,,,,,,,,,,,,,,,,,,,,,,,,,,,,,,,,,,
,,,,,,,,,,,,,,,,,,,,,,,,,,,,,,,,,,,,,,,,,,,,,,,,,,,,,,,,,,,,,,,,,,,,,,,,,,,,,,,,,,,,,,,,,,,,,,,,,,,,,,,,,,,,,,,,,,,,,,,,,,,,,,,,,,,,,,,,,,,,,,,,,,,,,,,,,,,,,,,,,,,,,,,,,,,,,,,,,,,,,,,,,,,,,,,,,,,,,,,,,,,,,,,,,,,,,,,,,,,,,,,,,,,,,,,,,,,,,,,,,,,,,,,,,,,,,,,,,,,,,,,,,,,,,,,,,,,,,,,,,,,,,,,,,,,,,,,,,,,,,,,,,,,,,,,,,,,,,,,,,,,,,,,,,,,,,,,,,,,,,,,,,,,,,,,,,,,,,,,,,,,,,,,,,,,,,,,,,,,,,,,,,,,,,,,,,,,,,,,,,,,,,,,,,,,,,,,,,,,,,,,,,,,,,,,,,,,,,,,,,,,,,,,,,,,,,,,,,,,,,,,,,,,,,,,,,,,,,,,,,,,,,,,,,,,,,,,,,,,,,,,,,,,,,,,,,,,,,,,,,,,,,,,,,,,,,,,,,,,,,,,,,,,,,,,,,,,,,,,,,,,,,,,,,,,,,,,,,,,,,,,,,,,,,,,,,,,,,,,,,,,,,,,,,,,,,,,,,,,,,,,,,,,,,,,,,,,,,,,,,,,,,,,,,,,,,,,,,,,,,,,,,,,,,,,,,,,,,,,,,,,,,,,,,,,,,,,,,,,,,,
Index,Species,Constrain,0,1,2,3,4,5,6,7,8,9,10,11,12,13,14,15,16,17,18,19,20,21,22,23,24,25,26,27,28,29,30,31,32,33,34,35,36,37,38,39,40,41,42,43,44,45,46,47,48,49,50,51,52,53,54,55,56,57,58,59,60,61,62,63,64,65,66,67,68,69,70,71,72,73,74,75,76,77,78,79,80,81,82,83,84,85,86,87,88,89,90,91,92,93,94,95,96,97,98,99,100,101,102,103,104,105,106,107,108,109,110,111,112,113,114,115,116,117,118,119,120,121,122,123,124,125,126,127,128,129,130,131,132,133,134,135,136,137,138,139,140,141,142,143,144,145,146,147,148,149,150,151,152,153,154,155,156,157,158,159,160,161,162,163,164,165,166,167,168,169,170,171,172,173,174,175,176,177,178,179,180,181,182,183,184,185,186,187,188,189,190,191,192,193,194,195,196,197,198,199,200,201,202,203,204,205,206,207,208,209,210,211,212,213,214,215,216,217,218,219,220,221,222,223,224,225,226,227,228,229,230,231,232,233,234,235,236,237,238,239,240,241,242,243,244,245,246,247,248,249,250,251,252,253,254,255,256,257,258,259,260,261,262,263,264,265,266,267,268,269,270,271,272,273,274,275,276,277,278,279,280,281,282,283,284,285,286,287,288,289,290,291,292,293,294,295,296,297,298,299,300,301,302,303,304,305,306,307,308,309,310,311,312,313,314,315,316,317,318,319,320,321,322,323,324,325,326,327,328,329,330,331,332,333,334,335,336,337,338,339,340,341,342,343,344,345,346,347,348,349,350,351,352,353,354,355,356,357,358,359,360,361,362,363,364,365,366,367,368,369,370,371,372,373,374,375,376,377,378,379,380,381,382,383,384,385,386,387,388,389,390,391,392,393,394,395,396,397,398,399,400,401,402,403,404,405,406,407,408,409,410,411,412,413,414,415,416,417,418,419,420,421,422,423,424,425,426,427,428,429,430,431,432,433,434,435,436,437,438,439,440,441,442,443,444,445,446,447,448,449,450,451,452,453,454,455,456,457,458,459,460,461,462,463,464,465,466,467,468,469,470,471,472,473,474,475,476,477,478,479,480,481,482,483,484,485,486,487,488,489,490,491,492,493,494,495,496,497,498,499,500,501,502,503,504,505,506,507,508,509,510,511,512,513,514,515,516,517,518,519,520,521,522,523,524,525,526,527,528,529,530,531,532,533,534,535,536,537,538,539,540,541,542,543,544,545,546,547,548,549,550,551,552,553,554,555,556,557,558,559,560,561,562,563,564,565,566,567,568,569,570,571,572,573,574,575,576,577,578,579,580,581,582,583,584,585,586,587,588,589,590,591,592,593,594,595,596,597,598,599,600,601,602,603,604,605,606,607,608,609,610,611,612,613,614,615,616,617,618,619,620,621,622,623,624,625,626,627,628,629,630,631,632,633,634,635,636,637,638,639,640,641,642,643,644,645,646,647,648,649,650,651,652,653,654,655,656,657,658,659,660,661,662,663,664,665,666,667,668,669,670,671,672,673,674,675,676,677,678,679,680,681,682,683,684,685,686,687,688,689,690,691,692,693,694,695,696,697,698,699
c,TIME,0,86400,86400,86400,86400,86400,86400,86400,86400,86400,86400,86400,86400,86400,86400,86400,86400,86400,86400,86400,86400,86400,86400,86400,86400,86400,86400,86400,86400,86400,86400,86400,86400,86400,86400,86400,86400,86400,86400,86400,86400,86400,86400,86400,86400,86400,86400,86400,86400,86400,86400,86400,86400,86400,86400,86400,86400,86400,86400,86400,86400,86400,86400,86400,86400,86400,86400,86400,86400,86400,86400,86400,86400,86400,86400,86400,86400,86400,86400,86400,86400,86400,86400,86400,86400,86400,86400,86400,86400,86400,86400,86400,86400,86400,86400,86400,86400,86400,86400,86400,86400,86400,86400,86400,86400,86400,86400,86400,86400,86400,86400,86400,86400,86400,86400,86400,86400,86400,86400,86400,86400,86400,86400,86400,86400,86400,86400,86400,86400,86400,86400,86400,86400,86400,86400,86400,86400,86400,86400,86400,86400,86400,86400,86400,86400,86400,86400,86400,86400,86400,86400,86400,86400,86400,86400,86400,86400,86400,86400,86400,86400,86400,86400,86400,86400,86400,86400,86400,86400,86400,86400,86400,86400,86400,86400,86400,86400,86400,86400,86400,86400,86400,86400,86400,86400,86400,86400,86400,86400,86400,86400,86400,86400,86400,86400,86400,86400,86400,86400,86400,86400,86400,86400,86400,86400,86400,86400,86400,86400,86400,86400,86400,86400,86400,86400,86400,86400,86400,86400,86400,86400,86400,86400,86400,86400,86400,86400,86400,86400,86400,86400,86400,86400,86400,86400,86400,86400,86400,86400,86400,86400,86400,86400,86400,86400,86400,86400,86400,86400,86400,86400,86400,86400,86400,86400,86400,86400,86400,86400,86400,86400,86400,86400,86400,86400,86400,86400,86400,86400,86400,86400,86400,86400,86400,86400,86400,86400,86400,86400,86400,86400,86400,86400,86400,86400,86400,86400,86400,86400,86400,86400,86400,86400,86400,86400,86400,86400,86400,86400,86400,86400,86400,86400,86400,86400,86400,86400,86400,86400,86400,86400,86400,86400,86400,86400,86400,86400,86400,86400,86400,86400,86400,86400,86400,86400,86400,86400,86400,86400,86400,86400,86400,86400,86400,86400,86400,86400,86400,86400,86400,86400,86400,86400,86400,86400,86400,86400,86400,86400,86400,86400,86400,86400,86400,86400,86400,86400,86400,86400,86400,86400,86400,86400,86400,86400,86400,86400,86400,86400,86400,86400,86400,86400,86400,86400,86400,86400,86400,86400,86400,86400,86400,86400,86400,86400,86400,86400,86400,86400,86400,86400,86400,86400,86400,86400,86400,86400,86400,86400,86400,86400,86400,86400,86400,86400,86400,86400,86400,86400,86400,86400,86400,86400,86400,86400,86400,86400,86400,86400,86400,86400,86400,86400,86400,86400,86400,86400,86400,86400,86400,86400,86400,86400,86400,86400,86400,86400,86400,86400,86400,86400,86400,86400,86400,86400,86400,86400,86400,86400,86400,86400,86400,86400,86400,86400,86400,86400,86400,86400,86400,86400,86400,86400,86400,86400,86400,86400,86400,86400,86400,86400,86400,86400,86400,86400,86400,86400,86400,86400,86400,86400,86400,86400,86400,86400,86400,86400,86400,86400,86400,86400,86400,86400,86400,86400,86400,86400,86400,86400,86400,86400,86400,86400,86400,86400,86400,86400,86400,86400,86400,86400,86400,86400,86400,86400,86400,86400,86400,86400,86400,86400,86400,86400,86400,86400,86400,86400,86400,86400,86400,86400,86400,86400,86400,86400,86400,86400,86400,86400,86400,86400,86400,86400,86400,86400,86400,86400,86400,86400,86400,86400,86400,86400,86400,86400,86400,86400,86400,86400,86400,86400,86400,86400,86400,86400,86400,86400,86400,86400,86400,86400,86400,86400,86400,86400,86400,86400,86400,86400,86400,86400,86400,86400,86400,86400,86400,86400,86400,86400,86400,86400,86400,86400,86400,86400,86400,86400,86400,86400,86400,86400,86400,86400,86400,86400,86400,86400,86400,86400,86400,86400,86400,86400,86400,86400,86400,86400,86400,86400,86400,86400,86400,86400,86400,86400,86400,86400,86400,86400,86400,86400,86400,86400,86400,86400,86400,86400,86400,86400,86400,86400,86400,86400,86400,86400,86400,86400,86400,86400,86400,86400,86400,86400,86400,86400,86400,86400,86400,86400,86400,86400,86400,86400,86400,86400,86400,86400,86400,86400,86400,86400,86400,86400,86400,86400,86400,86400,86400,86400,86400,86400,86400,86400,86400,86400,86400,86400,86400,86400,86400,86400,86400,86400,86400,86400,86400,86400,86400,86400,86400,86400
c,NOx,1,1,1,1,1,1,1,1,1,1,1,1,1,1,1,1,1,1,1,1,1,1,1,1,1,1,1,1,1,1,1,1,1,1,1,1,1,1,1,1,1,1,1,1,1,1,1,1,1,1,1,1,1,1,1,1,1,1,1,1,1,1,1,1,1,1,1,1,1,1,1,1,1,1,1,1,1,1,1,1,1,1,1,1,1,1,1,1,1,1,1,1,1,1,1,1,1,1,1,1,1,1,1,1,1,1,1,1,1,1,1,1,1,1,1,1,1,1,1,1,1,1,1,1,1,1,1,1,1,1,1,1,1,1,1,1,1,1,1,1,1,1,1,1,1,1,1,1,1,1,1,1,1,1,1,1,1,1,1,1,1,1,1,1,1,1,1,1,1,1,1,1,1,1,1,1,1,1,1,1,1,1,1,1,1,1,1,1,1,1,1,1,1,1,1,1,1,1,1,1,1,1,1,1,1,1,1,1,1,1,1,1,1,1,1,1,1,1,1,1,1,1,1,1,1,1,1,1,1,1,1,1,1,1,1,1,1,1,1,1,1,1,1,1,1,1,1,1,1,1,1,1,1,1,1,1,1,1,1,1,1,1,1,1,1,1,1,1,1,1,1,1,1,1,1,1,1,1,1,1,1,1,1,1,1,1,1,1,1,1,1,1,1,1,1,1,1,1,1,1,1,1,1,1,1,1,1,1,1,1,1,1,1,1,1,1,1,1,1,1,1,1,1,1,1,1,1,1,1,1,1,1,1,1,1,1,1,1,1,1,1,1,1,1,1,1,1,1,1,1,1,1,1,1,1,1,1,1,1,1,1,1,1,1,1,1,1,1,1,1,1,1,1,1,1,1,1,1,1,1,1,1,1,1,1,1,1,1,1,1,1,1,1,1,1,1,1,1,1,1,1,1,1,1,1,1,1,1,1,1,1,1,1,1,1,1,1,1,1,1,1,1,1,1,1,1,1,1,1,1,1,1,1,1,1,1,1,1,1,1,1,1,1,1,1,1,1,1,1,1,1,1,1,1,1,1,1,1,1,1,1,1,1,1,1,1,1,1,1,1,1,1,1,1,1,1,1,1,1,1,1,1,1,1,1,1,1,1,1,1,1,1,1,1,1,1,1,1,1,1,1,1,1,1,1,1,1,1,1,1,1,1,1,1,1,1,1,1,1,1,1,1,1,1,1,1,1,1,1,1,1,1,1,1,1,1,1,1,1,1,1,1,1,1,1,1,1,1,1,1,1,1,1,1,1,1,1,1,1,1,1,1,1,1,1,1,1,1,1,1,1,1,1,1,1,1,1,1,1,1,1,1,1,1,1,1,1,1,1,1,1,1,1,1,1,1,1,1,1,1,1,1,1,1,1,1,1,1,1,1,1,1,1,1,1,1,1,1,1,1,1,1,1,1,1,1,1,1,1,1,1,1,1,1,1,1,1,1,1,1,1,1,1,1,1,1,1,1,1,1,1,1,1,1,1,1,1,1,1,1,1,1,1,1,1,1,1,1,1,1,1,1,1,1,1,1,1,1,1,1,1,1,1,1,1,1,1,1,1,1,1,1,1,1,1,1,1,1,1,1,1
c,OH,0,1e-06,1e-06,1e-06,1e-06,1e-06,1e-06,1e-06,1e-06,1e-06,1e-06,1e-06,1e-06,1e-06,1e-06,1e-06,1e-06,1e-06,1e-06,1e-06,1e-06,1e-06,1e-06,1e-06,1e-06,1e-06,1e-06,1e-06,1e-06,1e-06,1e-06,1e-06,1e-06,1e-06,1e-06,1e-06,1e-06,1e-06,1e-06,1e-06,1e-06,1e-06,1e-06,1e-06,1e-06,1e-06,1e-06,1e-06,1e-06,1e-06,1e-06,1e-06,1e-06,1e-06,1e-06,1e-06,1e-06,1e-06,1e-06,1e-06,1e-06,1e-06,1e-06,1e-06,1e-06,1e-06,1e-06,1e-06,1e-06,1e-06,1e-06,1e-06,1e-06,1e-06,1e-06,1e-06,1e-06,1e-06,1e-06,1e-06,1e-06,1e-06,1e-06,1e-06,1e-06,1e-06,1e-06,1e-06,1e-06,1e-06,1e-06,1e-06,1e-06,1e-06,1e-06,1e-06,1e-06,1e-06,1e-06,1e-06,1e-06,1e-06,1e-06,1e-06,1e-06,1e-06,1e-06,1e-06,1e-06,1e-06,1e-06,1e-06,1e-06,1e-06,1e-06,1e-06,1e-06,1e-06,1e-06,1e-06,1e-06,1e-06,1e-06,1e-06,1e-06,1e-06,1e-06,1e-06,1e-06,1e-06,1e-06,1e-06,1e-06,1e-06,1e-06,1e-06,1e-06,1e-06,1e-06,1e-06,1e-06,1e-06,1e-06,1e-06,1e-06,1e-06,1e-06,1e-06,1e-06,1e-06,1e-06,1e-06,1e-06,1e-06,1e-06,1e-06,1e-06,1e-06,1e-06,1e-06,1e-06,1e-06,1e-06,1e-06,1e-06,1e-06,1e-06,1e-06,1e-06,1e-06,1e-06,1e-06,1e-06,1e-06,1e-06,1e-06,1e-06,1e-06,1e-06,1e-06,1e-06,1e-06,1e-06,1e-06,1e-06,1e-06,1e-06,1e-06,1e-06,1e-06,1e-06,1e-06,1e-06,1e-06,1e-06,1e-06,1e-06,1e-06,1e-06,1e-06,1e-06,1e-06,1e-06,1e-06,1e-06,1e-06,1e-06,1e-06,1e-06,1e-06,1e-06,1e-06,1e-06,1e-06,1e-06,1e-06,1e-06,1e-06,1e-06,1e-06,1e-06,1e-06,1e-06,1e-06,1e-06,1e-06,1e-06,1e-06,1e-06,1e-06,1e-06,1e-06,1e-06,1e-06,1e-06,1e-06,1e-06,1e-06,1e-06,1e-06,1e-06,1e-06,1e-06,1e-06,1e-06,1e-06,1e-06,1e-06,1e-06,1e-06,1e-06,1e-06,1e-06,1e-06,1e-06,1e-06,1e-06,1e-06,1e-06,1e-06,1e-06,1e-06,1e-06,1e-06,1e-06,1e-06,1e-06,1e-06,1e-06,1e-06,1e-06,1e-06,1e-06,1e-06,1e-06,1e-06,1e-06,1e-06,1e-06,1e-06,1e-06,1e-06,1e-06,1e-06,1e-06,1e-06,1e-06,1e-06,1e-06,1e-06,1e-06,1e-06,1e-06,1e-06,1e-06,1e-06,1e-06,1e-06,1e-06,1e-06,1e-06,1e-06,1e-06,1e-06,1e-06,1e-06,1e-06,1e-06,1e-06,1e-06,1e-06,1e-06,1e-06,1e-06,1e-06,1e-06,1e-06,1e-06,1e-06,1e-06,1e-06,1e-06,1e-06,1e-06,1e-06,1e-06,1e-06,1e-06,1e-06,1e-06,1e-06,1e-06,1e-06,1e-06,1e-06,1e-06,1e-06,1e-06,1e-06,1e-06,1e-06,1e-06,1e-06,1e-06,1e-06,1e-06,1e-06,1e-06,1e-06,1e-06,1e-06,1e-06,1e-06,1e-06,1e-06,1e-06,1e-06,1e-06,1e-06,1e-06,1e-06,1e-06,1e-06,1e-06,1e-06,1e-06,1e-06,1e-06,1e-06,1e-06,1e-06,1e-06,1e-06,1e-06,1e-06,1e-06,1e-06,1e-06,1e-06,1e-06,1e-06,1e-06,1e-06,1e-06,1e-06,1e-06,1e-06,1e-06,1e-06,1e-06,1e-06,1e-06,1e-06,1e-06,1e-06,1e-06,1e-06,1e-06,1e-06,1e-06,1e-06,1e-06,1e-06,1e-06,1e-06,1e-06,1e-06,1e-06,1e-06,1e-06,1e-06,1e-06,1e-06,1e-06,1e-06,1e-06,1e-06,1e-06,1e-06,1e-06,1e-06,1e-06,1e-06,1e-06,1e-06,1e-06,1e-06,1e-06,1e-06,1e-06,1e-06,1e-06,1e-06,1e-06,1e-06,1e-06,1e-06,1e-06,1e-06,1e-06,1e-06,1e-06,1e-06,1e-06,1e-06,1e-06,1e-06,1e-06,1e-06,1e-06,1e-06,1e-06,1e-06,1e-06,1e-06,1e-06,1e-06,1e-06,1e-06,1e-06,1e-06,1e-06,1e-06,1e-06,1e-06,1e-06,1e-06,1e-06,1e-06,1e-06,1e-06,1e-06,1e-06,1e-06,1e-06,1e-06,1e-06,1e-06,1e-06,1e-06,1e-06,1e-06,1e-06,1e-06,1e-06,1e-06,1e-06,1e-06,1e-06,1e-06,1e-06,1e-06,1e-06,1e-06,1e-06,1e-06,1e-06,1e-06,1e-06,1e-06,1e-06,1e-06,1e-06,1e-06,1e-06,1e-06,1e-06,1e-06,1e-06,1e-06,1e-06,1e-06,1e-06,1e-06,1e-06,1e-06,1e-06,1e-06,1e-06,1e-06,1e-06,1e-06,1e-06,1e-06,1e-06,1e-06,1e-06,1e-06,1e-06,1e-06,1e-06,1e-06,1e-06,1e-06,1e-06,1e-06,1e-06,1e-06,1e-06,1e-06,1e-06,1e-06,1e-06,1e-06,1e-06,1e-06,1e-06,1e-06,1e-06,1e-06,1e-06,1e-06,1e-06,1e-06,1e-06,1e-06,1e-06,1e-06,1e-06,1e-06,1e-06,1e-06,1e-06,1e-06,1e-06,1e-06,1e-06,1e-06,1e-06,1e-06,1e-06,1e-06,1e-06,1e-06,1e-06,1e-06,1e-06,1e-06,1e-06,1e-06,1e-06,1e-06,1e-06,1e-06,1e-06,1e-06,1e-06,1e-06,1e-06,1e-06,1e-06,1e-06,1e-06,1e-06,1e-06,1e-06,1e-06,1e-06,1e-06,1e-06,1e-06,1e-06,1e-06,1e-06,1e-06,1e-06,1e-06,1e-06,1e-06,1e-06,1e-06,1e-06,1e-06,1e-06,1e-06,1e-06,1e-06,1e-06,1e-06,1e-06,1e-06,1e-06,1e-06,1e-06,1e-06,1e-06,1e-06,1e-06,1e-06,1e-06,1e-06,1e-06,1e-06,1e-06,1e-06,1e-06,1e-06,1e-06,1e-06,1e-06,1e-06,1e-06,1e-06,1e-06,1e-06,1e-06,1e-06,1e-06,1e-06,1e-06,1e-06,1e-06,1e-06,1e-06,1e-06,1e-06,1e-06,1e-06,1e-06,1e-06,1e-06,1e-06,1e-06,1e-06,1e-06,1e-06,1e-06,1e-06,1e-06,1e-06,1e-06,1e-06,1e-06,1e-06,1e-06,1e-06,1e-06,1e-06,1e-06,1e-06,1e-06,1e-06,1e-06,1e-06,1e-06,1e-06,1e-06,1e-06,1e-06,1e-06,1e-06,1e-06,1e-06,1e-06,1e-06,1e-06,1e-06,1e-06,1e-06,1e-06,1e-06
c,TEMP,0,298,298,298,298,298,298,298,298,298,298,298,298,298,298,298,298,298,298,298,298,298,298,298,298,298,298,298,298,298,298,298,298,298,298,298,298,298,298,298,298,298,298,298,298,298,298,298,298,298,298,298,298,298,298,298,298,298,298,298,298,298,298,298,298,298,298,298,298,298,298,298,298,298,298,298,298,298,298,298,298,298,298,298,298,298,298,298,298,298,298,298,298,298,298,298,298,298,298,298,298,298,298,298,298,298,298,298,298,298,298,298,298,298,298,298,298,298,298,298,298,298,298,298,298,298,298,298,298,298,298,298,298,298,298,298,298,298,298,298,298,298,298,298,298,298,298,298,298,298,298,298,298,298,298,298,298,298,298,298,298,298,298,298,298,298,298,298,298,298,298,298,298,298,298,298,298,298,298,298,298,298,298,298,298,298,298,298,298,298,298,298,298,298,298,298,298,298,298,298,298,298,298,298,298,298,298,298,298,298,298,298,298,298,298,298,298,298,298,298,298,298,298,298,298,298,298,298,298,298,298,298,298,298,298,298,298,298,298,298,298,298,298,298,298,298,298,298,298,298,298,298,298,298,298,298,298,298,298,298,298,298,298,298,298,298,298,298,298,298,298,298,298,298,298,298,298,298,298,298,298,298,298,298,298,298,298,298,298,298,298,298,298,298,298,298,298,298,298,298,298,298,298,298,298,298,298,298,298,298,298,298,298,298,298,298,298,298,298,298,298,298,298,298,298,298,298,298,298,298,298,298,298,298,298,298,298,298,298,298,298,298,298,298,298,298,298,298,298,298,298,298,298,298,298,298,298,298,298,298,298,298,298,298,298,298,298,298,298,298,298,298,298,298,298,298,298,298,298,298,298,298,298,298,298,298,298,298,298,298,298,298,298,298,298,298,298,298,298,298,298,298,298,298,298,298,298,298,298,298,298,298,298,298,298,298,298,298,298,298,298,298,298,298,298,298,298,298,298,298,298,298,298,298,298,298,298,298,298,298,298,298,298,298,298,298,298,298,298,298,298,298,298,298,298,298,298,298,298,298,298,298,298,298,298,298,298,298,298,298,298,298,298,298,298,298,298,298,298,298,298,298,298,298,298,298,298,298,298,298,298,298,298,298,298,298,298,298,298,298,298,298,298,298,298,298,298,298,298,298,298,298,298,298,298,298,298,298,298,298,298,298,298,298,298,298,298,298,298,298,298,298,298,298,298,298,298,298,298,298,298,298,298,298,298,298,298,298,298,298,298,298,298,298,298,298,298,298,298,298,298,298,298,298,298,298,298,298,298,298,298,298,298,298,298,298,298,298,298,298,298,298,298,298,298,298,298,298,298,298,298,298,298,298,298,298,298,298,298,298,298,298,298,298,298,298,298,298,298,298,298,298,298,298,298,298,298,298,298,298,298,298,298,298,298,298,298,298,298,298,298,298,298,298,298,298,298,298,298,298,298,298,298,298,298,298,298,298,298,298,298,298,298,298,298,298,298,298,298,298,298,298,298,298,298,298,298,298,298,298,298,298,298,298,298,298,298,298,298,298,298,298,298,298,298,298,298,298,298,298,298,298,298,298,298,298,298,298,298,298,298
c,LAT,0,39.9,39.9,39.9,39.9,39.9,39.9,39.9,39.9,39.9,39.9,39.9,39.9,39.9,39.9,39.9,39.9,39.9,39.9,39.9,39.9,39.9,39.9,39.9,39.9,39.9,39.9,39.9,39.9,39.9,39.9,39.9,39.9,39.9,39.9,39.9,39.9,39.9,39.9,39.9,39.9,39.9,39.9,39.9,39.9,39.9,39.9,39.9,39.9,39.9,39.9,39.9,39.9,39.9,39.9,39.9,39.9,39.9,39.9,39.9,39.9,39.9,39.9,39.9,39.9,39.9,39.9,39.9,39.9,39.9,39.9,39.9,39.9,39.9,39.9,39.9,39.9,39.9,39.9,39.9,39.9,39.9,39.9,39.9,39.9,39.9,39.9,39.9,39.9,39.9,39.9,39.9,39.9,39.9,39.9,39.9,39.9,39.9,39.9,39.9,39.9,39.9,39.9,39.9,39.9,39.9,39.9,39.9,39.9,39.9,39.9,39.9,39.9,39.9,39.9,39.9,39.9,39.9,39.9,39.9,39.9,39.9,39.9,39.9,39.9,39.9,39.9,39.9,39.9,39.9,39.9,39.9,39.9,39.9,39.9,39.9,39.9,39.9,39.9,39.9,39.9,39.9,39.9,39.9,39.9,39.9,39.9,39.9,39.9,39.9,39.9,39.9,39.9,39.9,39.9,39.9,39.9,39.9,39.9,39.9,39.9,39.9,39.9,39.9,39.9,39.9,39.9,39.9,39.9,39.9,39.9,39.9,39.9,39.9,39.9,39.9,39.9,39.9,39.9,39.9,39.9,39.9,39.9,39.9,39.9,39.9,39.9,39.9,39.9,39.9,39.9,39.9,39.9,39.9,39.9,39.9,39.9,39.9,39.9,39.9,39.9,39.9,39.9,39.9,39.9,39.9,39.9,39.9,39.9,39.9,39.9,39.9,39.9,39.9,39.9,39.9,39.9,39.9,39.9,39.9,39.9,39.9,39.9,39.9,39.9,39.9,39.9,39.9,39.9,39.9,39.9,39.9,39.9,39.9,39.9,39.9,39.9,39.9,39.9,39.9,39.9,39.9,39.9,39.9,39.9,39.9,39.9,39.9,39.9,39.9,39.9,39.9,39.9,39.9,39.9,39.9,39.9,39.9,39.9,39.9,39.9,39.9,39.9,39.9,39.9,39.9,39.9,39.9,39.9,39.9,39.9,39.9,39.9,39.9,39.9,39.9,39.9,39.9,39.9,39.9,39.9,39.9,39.9,39.9,39.9,39.9,39.9,39.9,39.9,39.9,39.9,39.9,39.9,39.9,39.9,39.9,39.9,39.9,39.9,39.9,39.9,39.9,39.9,39.9,39.9,39.9,39.9,39.9,39.9,39.9,39.9,39.9,39.9,39.9,39.9,39.9,39.9,39.9,39.9,39.9,39.9,39.9,39.9,39.9,39.9,39.9,39.9,39.9,39.9,39.9,39.9,39.9,39.9,39.9,39.9,39.9,39.9,39.9,39.9,39.9,39.9,39.9,39.9,39.9,39.9,39.9,39.9,39.9,39.9,39.9,39.9,39.9,39.9,39.9,39.9,39.9,39.9,39.9,39.9,39.9,39.9,39.9,39.9,39.9,39.9,39.9,39.9,39.9,39.9,39.9,39.9,39.9,39.9,39.9,39.9,39.9,39.9,39.9,39.9,39.9,39.9,39.9,39.9,39.9,39.9,39.9,39.9,39.9,39.9,39.9,39.9,39.9,39.9,39.9,39.9,39.9,39.9,39.9,39.9,39.9,39.9,39.9,39.9,39.9,39.9,39.9,39.9,39.9,39.9,39.9,39.9,39.9,39.9,39.9,39.9,39.9,39.9,39.9,39.9,39.9,39.9,39.9,39.9,39.9,39.9,39.9,39.9,39.9,39.9,39.9,39.9,39.9,39.9,39.9,39.9,39.9,39.9,39.9,39.9,39.9,39.9,39.9,39.9,39.9,39.9,39.9,39.9,39.9,39.9,39.9,39.9,39.9,39.9,39.9,39.9,39.9,39.9,39.9,39.9,39.9,39.9,39.9,39.9,39.9,39.9,39.9,39.9,39.9,39.9,39.9,39.9,39.9,39.9,39.9,39.9,39.9,39.9,39.9,39.9,39.9,39.9,39.9,39.9,39.9,39.9,39.9,39.9,39.9,39.9,39.9,39.9,39.9,39.9,39.9,39.9,39.9,39.9,39.9,39.9,39.9,39.9,39.9,39.9,39.9,39.9,39.9,39.9,39.9,39.9,39.9,39.9,39.9,39.9,39.9,39.9,39.9,39.9,39.9,39.9,39.9,39.9,39.9,39.9,39.9,39.9,39.9,39.9,39.9,39.9,39.9,39.9,39.9,39.9,39.9,39.9,39.9,39.9,39.9,39.9,39.9,39.9,39.9,39.9,39.9,39.9,39.9,39.9,39.9,39.9,39.9,39.9,39.9,39.9,39.9,39.9,39.9,39.9,39.9,39.9,39.9,39.9,39.9,39.9,39.9,39.9,39.9,39.9,39.9,39.9,39.9,39.9,39.9,39.9,39.9,39.9,39.9,39.9,39.9,39.9,39.9,39.9,39.9,39.9,39.9,39.9,39.9,39.9,39.9,39.9,39.9,39.9,39.9,39.9,39.9,39.9,39.9,39.9,39.9,39.9,39.9,39.9,39.9,39.9,39.9,39.9,39.9,39.9,39.9,39.9,39.9,39.9,39.9,39.9,39.9,39.9,39.9,39.9,39.9,39.9,39.9,39.9,39.9,39.9,39.9,39.9,39.9,39.9,39.9,39.9,39.9,39.9,39.9,39.9,39.9,39.9,39.9,39.9,39.9,39.9,39.9,39.9,39.9,39.9,39.9,39.9,39.9,39.9,39.9,39.9,39.9,39.9,39.9,39.9,39.9,39.9,39.9,39.9,39.9,39.9,39.9,39.9,39.9,39.9,39.9,39.9,39.9,39.9,39.9,39.9,39.9,39.9,39.9,39.9,39.9,39.9,39.9,39.9,39.9,39.9,39.9,39.9,39.9,39.9,39.9,39.9,39.9,39.9,39.9,39.9,39.9,39.9,39.9,39.9,39.9,39.9,39.9,39.9,39.9,39.9,39.9,39.9
c,LON,0,116.4,116.4,116.4,116.4,116.4,116.4,116.4,116.4,116.4,116.4,116.4,116.4,116.4,116.4,116.4,116.4,116.4,116.4,116.4,116.4,116.4,116.4,116.4,116.4,116.4,116.4,116.4,116.4,116.4,116.4,116.4,116.4,116.4,116.4,116.4,116.4,116.4,116.4,116.4,116.4,116.4,116.4,116.4,116.4,116.4,116.4,116.4,116.4,116.4,116.4,116.4,116.4,116.4,116.4,116.4,116.4,116.4,116.4,116.4,116.4,116.4,116.4,116.4,116.4,116.4,116.4,116.4,116.4,116.4,116.4,116.4,116.4,116.4,116.4,116.4,116.4,116.4,116.4,116.4,116.4,116.4,116.4,116.4,116.4,116.4,116.4,116.4,116.4,116.4,116.4,116.4,116.4,116.4,116.4,116.4,116.4,116.4,116.4,116.4,116.4,116.4,116.4,116.4,116.4,116.4,116.4,116.4,116.4,116.4,116.4,116.4,116.4,116.4,116.4,116.4,116.4,116.4,116.4,116.4,116.4,116.4,116.4,116.4,116.4,116.4,116.4,116.4,116.4,116.4,116.4,116.4,116.4,116.4,116.4,116.4,116.4,116.4,116.4,116.4,116.4,116.4,116.4,116.4,116.4,116.4,116.4,116.4,116.4,116.4,116.4,116.4,116.4,116.4,116.4,116.4,116.4,116.4,116.4,116.4,116.4,116.4,116.4,116.4,116.4,116.4,116.4,116.4,116.4,116.4,116.4,116.4,116.4,116.4,116.4,116.4,116.4,116.4,116.4,116.4,116.4,116.4,116.4,116.4,116.4,116.4,116.4,116.4,116.4,116.4,116.4,116.4,116.4,116.4,116.4,116.4,116.4,116.4,116.4,116.4,116.4,116.4,116.4,116.4,116.4,116.4,116.4,116.4,116.4,116.4,116.4,116.4,116.4,116.4,116.4,116.4,116.4,116.4,116.4,116.4,116.4,116.4,116.4,116.4,116.4,116.4,116.4,116.4,116.4,116.4,116.4,116.4,116.4,116.4,116.4,116.4,116.4,116.4,116.4,116.4,116.4,116.4,116.4,116.4,116.4,116.4,116.4,116.4,116.4,116.4,116.4,116.4,116.4,116.4,116.4,116.4,116.4,116.4,116.4,116.4,116.4,116.4,116.4,116.4,116.4,116.4,116.4,116.4,116.4,116.4,116.4,116.4,116.4,116.4,116.4,116.4,116.4,116.4,116.4,116.4,116.4,116.4,116.4,116.4,116.4,116.4,116.4,116.4,116.4,116.4,116.4,116.4,116.4,116.4,116.4,116.4,116.4,116.4,116.4,116.4,116.4,116.4,116.4,116.4,116.4,116.4,116.4,116.4,116.4,116.4,116.4,116.4,116.4,116.4,116.4,116.4,116.4,116.4,116.4,116.4,116.4,116.4,116.4,116.4,116.4,116.4,116.4,116.4,116.4,116.4,116.4,116.4,116.4,116.4,116.4,116.4,116.4,116.4,116.4,116.4,116.4,116.4,116.4,116.4,116.4,116.4,116.4,116.4,116.4,116.4,116.4,116.4,116.4,116.4,116.4,116.4,116.4,116.4,116.4,116.4,116.4,116.4,116.4,116.4,116.4,116.4,116.4,116.4,116.4,116.4,116.4,116.4,116.4,116.4,116.4,116.4,116.4,116.4,116.4,116.4,116.4,116.4,116.4,116.4,116.4,116.4,116.4,116.4,116.4,116.4,116.4,116.4,116.4,116.4,116.4,116.4,116.4,116.4,116.4,116.4,116.4,116.4,116.4,116.4,116.4,116.4,116.4,116.4,116.4,116.4,116.4,116.4,116.4,116.4,116.4,116.4,116.4,116.4,116.4,116.4,116.4,116.4,116.4,116.4,116.4,116.4,116.4,116.4,116.4,116.4,116.4,116.4,116.4,116.4,116.4,116.4,116.4,116.4,116.4,116.4,116.4,116.4,116.4,116.4,116.4,116.4,116.4,116.4,116.4,116.4,116.4,116.4,116.4,116.4,116.4,116.4,116.4,116.4,116.4,116.4,116.4,116.4,116.4,116.4,116.4,116.4,116.4,116.4,116.4,116.4,116.4,116.4,116.4,116.4,116.4,116.4,116.4,116.4,116.4,116.4,116.4,116.4,116.4,116.4,116.4,116.4,116.4,116.4,116.4,116.4,116.4,116.4,116.4,116.4,116.4,116.4,116.4,116.4,116.4,116.4,116.4,116.4,116.4,116.4,116.4,116.4,116.4,116.4,116.4,116.4,116.4,116.4,116.4,116.4,116.4,116.4,116.4,116.4,116.4,116.4,116.4,116.4,116.4,116.4,116.4,116.4,116.4,116.4,116.4,116.4,116.4,116.4,116.4,116.4,116.4,116.4,116.4,116.4,116.4,116.4,116.4,116.4,116.4,116.4,116.4,116.4,116.4,116.4,116.4,116.4,116.4,116.4,116.4,116.4,116.4,116.4,116.4,116.4,116.4,116.4,116.4,116.4,116.4,116.4,116.4,116.4,116.4,116.4,116.4,116.4,116.4,116.4,116.4,116.4,116.4,116.4,116.4,116.4,116.4,116.4,116.4,116.4,116.4,116.4,116.4,116.4,116.4,116.4,116.4,116.4,116.4,116.4,116.4,116.4,116.4,116.4,116.4,116.4,116.4,116.4,116.4,116.4,116.4,116.4,116.4,116.4,116.4,116.4,116.4,116.4,116.4,116.4,116.4,116.4,116.4,116.4,116.4,116.4,116.4,116.4,116.4,116.4,116.4,116.4,116.4,116.4,116.4,116.4,116.4,116.4,116.4,116.4,116.4,116.4,116.4,116.4,116.4,116.4,116.4,116.4,116.4,116.4,116.4,116.4,116.4,116.4,116.4,116.4,116.4,116.4,116.4,116.4,116.4,116.4,116.4,116.4,116.4,116.4,116.4,116.4,116.4,116.4,116.4,116.4,116.4,116.4,116.4,116.4,116.4,116.4,116.4,116.4,116.4,116.4,116.4,116.4,116.4,116.4,116.4,116.4,116.4,116.4,116.4,116.4,116.4,116.4,116.4,116.4,116.4,116.4,116.4,116.4,116.4,116.4,116.4,116.4,116.4,116.4,116.4,116.4,116.4
c,H2O,0,0.02,0.02,0.02,0.02,0.02,0.02,0.02,0.02,0.02,0.02,0.02,0.02,0.02,0.02,0.02,0.02,0.02,0.02,0.02,0.02,0.02,0.02,0.02,0.02,0.02,0.02,0.02,0.02,0.02,0.02,0.02,0.02,0.02,0.02,0.02,0.02,0.02,0.02,0.02,0.02,0.02,0.02,0.02,0.02,0.02,0.02,0.02,0.02,0.02,0.02,0.02,0.02,0.02,0.02,0.02,0.02,0.02,0.02,0.02,0.02,0.02,0.02,0.02,0.02,0.02,0.02,0.02,0.02,0.02,0.02,0.02,0.02,0.02,0.02,0.02,0.02,0.02,0.02,0.02,0.02,0.02,0.02,0.02,0.02,0.02,0.02,0.02,0.02,0.02,0.02,0.02,0.02,0.02,0.02,0.02,0.02,0.02,0.02,0.02,0.02,0.02,0.02,0.02,0.02,0.02,0.02,0.02,0.02,0.02,0.02,0.02,0.02,0.02,0.02,0.02,0.02,0.02,0.02,0.02,0.02,0.02,0.02,0.02,0.02,0.02,0.02,0.02,0.02,0.02,0.02,0.02,0.02,0.02,0.02,0.02,0.02,0.02,0.02,0.02,0.02,0.02,0.02,0.02,0.02,0.02,0.02,0.02,0.02,0.02,0.02,0.02,0.02,0.02,0.02,0.02,0.02,0.02,0.02,0.02,0.02,0.02,0.02,0.02,0.02,0.02,0.02,0.02,0.02,0.02,0.02,0.02,0.02,0.02,0.02,0.02,0.02,0.02,0.02,0.02,0.02,0.02,0.02,0.02,0.02,0.02,0.02,0.02,0.02,0.02,0.02,0.02,0.02,0.02,0.02,0.02,0.02,0.02,0.02,0.02,0.02,0.02,0.02,0.02,0.02,0.02,0.02,0.02,0.02,0.02,0.02,0.02,0.02,0.02,0.02,0.02,0.02,0.02,0.02,0.02,0.02,0.02,0.02,0.02,0.02,0.02,0.02,0.02,0.02,0.02,0.02,0.02,0.02,0.02,0.02,0.02,0.02,0.02,0.02,0.02,0.02,0.02,0.02,0.02,0.02,0.02,0.02,0.02,0.02,0.02,0.02,0.02,0.02,0.02,0.02,0.02,0.02,0.02,0.02,0.02,0.02,0.02,0.02,0.02,0.02,0.02,0.02,0.02,0.02,0.02,0.02,0.02,0.02,0.02,0.02,0.02,0.02,0.02,0.02,0.02,0.02,0.02,0.02,0.02,0.02,0.02,0.02,0.02,0.02,0.02,0.02,0.02,0.02,0.02,0.02,0.02,0.02,0.02,0.02,0.02,0.02,0.02,0.02,0.02,0.02,0.02,0.02,0.02,0.02,0.02,0.02,0.02,0.02,0.02,0.02,0.02,0.02,0.02,0.02,0.02,0.02,0.02,0.02,0.02,0.02,0.02,0.02,0.02,0.02,0.02,0.02,0.02,0.02,0.02,0.02,0.02,0.02,0.02,0.02,0.02,0.02,0.02,0.02,0.02,0.02,0.02,0.02,0.02,0.02,0.02,0.02,0.02,0.02,0.02,0.02,0.02,0.02,0.02,0.02,0.02,0.02,0.02,0.02,0.02,0.02,0.02,0.02,0.02,0.02,0.02,0.02,0.02,0.02,0.02,0.02,0.02,0.02,0.02,0.02,0.02,0.02,0.02,0.02,0.02,0.02,0.02,0.02,0.02,0.02,0.02,0.02,0.02,0.02,0.02,0.02,0.02,0.02,0.02,0.02,0.02,0.02,0.02,0.02,0.02,0.02,0.02,0.02,0.02,0.02,0.02,0.02,0.02,0.02,0.02,0.02,0.02,0.02,0.02,0.02,0.02,0.02,0.02,0.02,0.02,0.02,0.02,0.02,0.02,0.02,0.02,0.02,0.02,0.02,0.02,0.02,0.02,0.02,0.02,0.02,0.02,0.02,0.02,0.02,0.02,0.02,0.02,0.02,0.02,0.02,0.02,0.02,0.02,0.02,0.02,0.02,0.02,0.02,0.02,0.02,0.02,0.02,0.02,0.02,0.02,0.02,0.02,0.02,0.02,0.02,0.02,0.02,0.02,0.02,0.02,0.02,0.02,0.02,0.02,0.02,0.02,0.02,0.02,0.02,0.02,0.02,0.02,0.02,0.02,0.02,0.02,0.02,0.02,0.02,0.02,0.02,0.02,0.02,0.02,0.02,0.02,0.02,0.02,0.02,0.02,0.02,0.02,0.02,0.02,0.02,0.02,0.02,0.02,0.02,0.02,0.02,0.02,0.02,0.02,0.02,0.02,0.02,0.02,0.02,0.02,0.02,0.02,0.02,0.02,0.02,0.02,0.02,0.02,0.02,0.02,0.02,0.02,0.02,0.02,0.02,0.02,0.02,0.02,0.02,0.02,0.02,0.02,0.02,0.02,0.02,0.02,0.02,0.02,0.02,0.02,0.02,0.02,0.02,0.02,0.02,0.02,0.02,0.02,0.02,0.02,0.02,0.02,0.02,0.02,0.02,0.02,0.02,0.02,0.02,0.02,0.02,0.02,0.02,0.02,0.02,0.02,0.02,0.02,0.02,0.02,0.02,0.02,0.02,0.02,0.02,0.02,0.02,0.02,0.02,0.02,0.02,0.02,0.02,0.02,0.02,0.02,0.02,0.02,0.02,0.02,0.02,0.02,0.02,0.02,0.02,0.02,0.02,0.02,0.02,0.02,0.02,0.02,0.02,0.02,0.02,0.02,0.02,0.02,0.02,0.02,0.02,0.02,0.02,0.02,0.02,0.02,0.02,0.02,0.02,0.02,0.02,0.02,0.02,0.02,0.02,0.02,0.02,0.02,0.02,0.02,0.02,0.02,0.02,0.02,0.02,0.02,0.02,0.02,0.02,0.02,0.02,0.02,0.02,0.02,0.02,0.02,0.02,0.02,0.02,0.02,0.02,0.02,0.02,0.02,0.02,0.02,0.02,0.02,0.02,0.02,0.02,0.02,0.02,0.02,0.02,0.02,0.02,0.02,0.02,0.02,0.02,0.02,0.02,0.02,0.02,0.02,0.02,0.02,0.02,0.02,0.02,0.02,0.02,0.02,0.02,0.02,0.02
c,JDAY,0,173.5,173.5,173.5,173.5,173.5,173.5,173.5,173.5,173.5,173.5,173.5,173.5,173.5,173.5,173.5,173.5,173.5,173.5,173.5,173.5,173.5,173.5,173.5,173.5,173.5,173.5,173.5,173.5,173.5,173.5,173.5,173.5,173.5,173.5,173.5,173.5,173.5,173.5,173.5,173.5,173.5,173.5,173.5,173.5,173.5,173.5,173.5,173.5,173.5,173.5,173.5,173.5,173.5,173.5,173.5,173.5,173.5,173.5,173.5,173.5,173.5,173.5,173.5,173.5,173.5,173.5,173.5,173.5,173.5,173.5,173.5,173.5,173.5,173.5,173.5,173.5,173.5,173.5,173.5,173.5,173.5,173.5,173.5,173.5,173.5,173.5,173.5,173.5,173.5,173.5,173.5,173.5,173.5,173.5,173.5,173.5,173.5,173.5,173.5,173.5,173.5,173.5,173.5,173.5,173.5,173.5,173.5,173.5,173.5,173.5,173.5,173.5,173.5,173.5,173.5,173.5,173.5,173.5,173.5,173.5,173.5,173.5,173.5,173.5,173.5,173.5,173.5,173.5,173.5,173.5,173.5,173.5,173.5,173.5,173.5,173.5,173.5,173.5,173.5,173.5,173.5,173.5,173.5,173.5,173.5,173.5,173.5,173.5,173.5,173.5,173.5,173.5,173.5,173.5,173.5,173.5,173.5,173.5,173.5,173.5,173.5,173.5,173.5,173.5,173.5,173.5,173.5,173.5,173.5,173.5,173.5,173.5,173.5,173.5,173.5,173.5,173.5,173.5,173.5,173.5,173.5,173.5,173.5,173.5,173.5,173.5,173.5,173.5,173.5,173.5,173.5,173.5,173.5,173.5,173.5,173.5,173.5,173.5,173.5,173.5,173.5,173.5,173.5,173.5,173.5,173.5,173.5,173.5,173.5,173.5,173.5,173.5,173.5,173.5,173.5,173.5,173.5,173.5,173.5,173.5,173.5,173.5,173.5,173.5,173.5,173.5,173.5,173.5,173.5,173.5,173.5,173.5,173.5,173.5,173.5,173.5,173.5,173.5,173.5,173.5,173.5,173.5,173.5,173.5,173.5,173.5,173.5,173.5,173.5,173.5,173.5,173.5,173.5,173.5,173.5,173.5,173.5,173.5,173.5,173.5,173.5,173.5,173.5,173.5,173.5,173.5,173.5,173.5,173.5,173.5,173.5,173.5,173.5,173.5,173.5,173.5,173.5,173.5,173.5,173.5,173.5,173.5,173.5,173.5,173.5,173.5,173.5,173.5,173.5,173.5,173.5,173.5,173.5,173.5,173.5,173.5,173.5,173.5,173.5,173.5,173.5,173.5,173.5,173.5,173.5,173.5,173.5,173.5,173.5,173.5,173.5,173.5,173.5,173.5,173.5,173.5,173.5,173.5,173.5,173.5,173.5,173.5,173.5,173.5,173.5,173.5,173.5,173.5,173.5,173.5,173.5,173.5,173.5,173.5,173.5,173.5,173.5,173.5,173.5,173.5,173.5,173.5,173.5,173.5,173.5,173.5,173.5,173.5,173.5,173.5,173.5,173.5,173.5,173.5,173.5,173.5,173.5,173.5,173.5,173.5,173.5,173.5,173.5,173.5,173.5,173.5,173.5,173.5,173.5,173.5,173.5,173.5,173.5,173.5,173.5,173.5,173.5,173.5,173.5,173.5,173.5,173.5,173.5,173.5,173.5,173.5,173.5,173.5,173.5,173.5,173.5,173.5,173.5,173.5,173.5,173.5,173.5,173.5,173.5,173.5,173.5,173.5,173.5,173.5,173.5,173.5,173.5,173.5,173.5,173.5,173.5,173.5,173.5,173.5,173.5,173.5,173.5,173.5,173.5,173.5,173.5,173.5,173.5,173.5,173.5,173.5,173.5,173.5,173.5,173.5,173.5,173.5,173.5,173.5,173.5,173.5,173.5,173.5,173.5,173.5,173.5,173.5,173.5,173.5,173.5,173.5,173.5,173.5,173.5,173.5,173.5,173.5,173.5,173.5,173.5,173.5,173.5,173.5,173.5,173.5,173.5,173.5,173.5,173.5,173.5,173.5,173.5,173.5,173.5,173.5,173.5,173.5,173.5,173.5,173.5,173.5,173.5,173.5,173.5,173.5,173.5,173.5,173.5,173.5,173.5,173.5,173.5,173.5,173.5,173.5,173.5,173.5,173.5,173.5,173.5,173.5,173.5,173.5,173.5,173.5,173.5,173.5,173.5,173.5,173.5,173.5,173.5,173.5,173.5,173.5,173.5,173.5,173.5,173.5,173.5,173.5,173.5,173.5,173.5,173.5,173.5,173.5,173.5,173.5,173.5,173.5,173.5,173.5,173.5,173.5,173.5,173.5,173.5,173.5,173.5,173.5,173.5,173.5,173.5,173.5,173.5,173.5,173.5,173.5,173.5,173.5,173.5,173.5,173.5,173.5,173.5,173.5,173.5,173.5,173.5,173.5,173.5,173.5,173.5,173.5,173.5,173.5,173.5,173.5,173.5,173.5,173.5,173.5,173.5,173.5,173.5,173.5,173.5,173.5,173.5,173.5,173.5,173.5,173.5,173.5,173.5,173.5,173.5,173.5,173.5,173.5,173.5,173.5,173.5,173.5,173.5,173.5,173.5,173.5,173.5,173.5,173.5,173.5,173.5,173.5,173.5,173.5,173.5,173.5,173.5,173.5,173.5,173.5,173.5,173.5,173.5,173.5,173.5,173.5,173.5,173.5,173.5,173.5,173.5,173.5,173.5,173.5,173.5,173.5,173.5,173.5,173.5,173.5,173.5,173.5,173.5,173.5,173.5,173.5,173.5,173.5,173.5,173.5,173.5,173.5,173.5,173.5,173.5,173.5,173.5,173.5,173.5,173.5,173.5,173.5,173.5,173.5,173.5,173.5,173.5,173.5,173.5,173.5,173.5,173.5,173.5,173.5,173.5,173.5,173.5,173.5,173.5,173.5,173.5,173.5,173.5,173.5,173.5,173.5,173.5,173.5,173.5,173.5,173.5,173.5,173.5,173.5,173.5,173.5,173.5,173.5,173.5,173.5,173.5,173.5,173.5,173.5,173.5,173.5,173.5,173.5,173.5,173.5,173.5,173.5
c,SPINUP,0,0,0,0,0,0,0,0,0,0,0,0,0,0,0,0,0,0,0,0,0,0,0,0,0,0,0,0,0,0,0,0,0,0,0,0,0,0,0,0,0,0,0,0,0,0,0,0,0,0,0,0,0,0,0,0,0,0,0,0,0,0,0,0,0,0,0,0,0,0,0,0,0,0,0,0,0,0,0,0,0,0,0,0,0,0,0,0,0,0,0,0,0,0,0,0,0,0,0,0,0,0,0,0,0,0,0,0,0,0,0,0,0,0,0,0,0,0,0,0,0,0,0,0,0,0,0,0,0,0,0,0,0,0,0,0,0,0,0,0,0,0,0,0,0,0,0,0,0,0,0,0,0,0,0,0,0,0,0,0,0,0,0,0,0,0,0,0,0,0,0,0,0,0,0,0,0,0,0,0,0,0,0,0,0,0,0,0,0,0,0,0,0,0,0,0,0,0,0,0,0,0,0,0,0,0,0,0,0,0,0,0,0,0,0,0,0,0,0,0,0,0,0,0,0,0,0,0,0,0,0,0,0,0,0,0,0,0,0,0,0,0,0,0,0,0,0,0,0,0,0,0,0,0,0,0,0,0,0,0,0,0,0,0,0,0,0,0,0,0,0,0,0,0,0,0,0,0,0,0,0,0,0,0,0,0,0,0,0,0,0,0,0,0,0,0,0,0,0,0,0,0,0,0,0,0,0,0,0,0,0,0,0,0,0,0,0,0,0,0,0,0,0,0,0,0,0,0,0,0,0,0,0,0,0,0,0,0,0,0,0,0,0,0,0,0,0,0,0,0,0,0,0,0,0,0,0,0,0,0,0,0,0,0,0,0,0,0,0,0,0,0,0,0,0,0,0,0,0,0,0,0,0,0,0,0,0,0,0,0,0,0,0,0,0,0,0,0,0,0,0,0,0,0,0,0,0,0,0,0,0,0,0,0,0,0,0,0,0,0,0,0,0,0,0,0,0,0,0,0,0,0,0,0,0,0,0,0,0,0,0,0,0,0,0,0,0,0,0,0,0,0,0,0,0,0,0,0,0,0,0,0,0,0,0,0,0,0,0,0,0,0,0,0,0,0,0,0,0,0,0,0,0,0,0,0,0,0,0,0,0,0,0,0,0,0,0,0,0,0,0,0,0,0,0,0,0,0,0,0,0,0,0,0,0,0,0,0,0,0,0,0,0,0,0,0,0,0,0,0,0,0,0,0,0,0,0,0,0,0,0,0,0,0,0,0,0,0,0,0,0,0,0,0,0,0,0,0,0,0,0,0,0,0,0,0,0,0,0,0,0,0,0,0,0,0,0,0,0,0,0,0,0,0,0,0,0,0,0,0,0,0,0,0,0,0,0,0,0,0,0,0,0,0,0,0,0,0,0,0,0,0,0,0,0,0,0,0,0,0,0,0,0,0,0,0,0,0,0,0,0,0,0,0,0,0,0,0,0,0,0,0,0,0,0,0,0,0,0,0,0,0,0,0,0,0,0,0,0,0,0,0,0,0,0,0,0,0,0,0,0,0,0,0,0,0,0,0,0,0,0,0,0,0,0,0,0,0,0,0,0,0,0,0,0,0,0,0,0,0,0
c,PRESS,0,1013,1013,1013,1013,1013,1013,1013,1013,1013,1013,1013,1013,1013,1013,1013,1013,1013,1013,1013,1013,1013,1013,1013,1013,1013,1013,1013,1013,1013,1013,1013,1013,1013,1013,1013,1013,1013,1013,1013,1013,1013,1013,1013,1013,1013,1013,1013,1013,1013,1013,1013,1013,1013,1013,1013,1013,1013,1013,1013,1013,1013,1013,1013,1013,1013,1013,1013,1013,1013,1013,1013,1013,1013,1013,1013,1013,1013,1013,1013,1013,1013,1013,1013,1013,1013,1013,1013,1013,1013,1013,1013,1013,1013,1013,1013,1013,1013,1013,1013,1013,1013,1013,1013,1013,1013,1013,1013,1013,1013,1013,1013,1013,1013,1013,1013,1013,1013,1013,1013,1013,1013,1013,1013,1013,1013,1013,1013,1013,1013,1013,1013,1013,1013,1013,1013,1013,1013,1013,1013,1013,1013,1013,1013,1013,1013,1013,1013,1013,1013,1013,1013,1013,1013,1013,1013,1013,1013,1013,1013,1013,1013,1013,1013,1013,1013,1013,1013,1013,1013,1013,1013,1013,1013,1013,1013,1013,1013,1013,1013,1013,1013,1013,1013,1013,1013,1013,1013,1013,1013,1013,1013,1013,1013,1013,1013,1013,1013,1013,1013,1013,1013,1013,1013,1013,1013,1013,1013,1013,1013,1013,1013,1013,1013,1013,1013,1013,1013,1013,1013,1013,1013,1013,1013,1013,1013,1013,1013,1013,1013,1013,1013,1013,1013,1013,1013,1013,1013,1013,1013,1013,1013,1013,1013,1013,1013,1013,1013,1013,1013,1013,1013,1013,1013,1013,1013,1013,1013,1013,1013,1013,1013,1013,1013,1013,1013,1013,1013,1013,1013,1013,1013,1013,1013,1013,1013,1013,1013,1013,1013,1013,1013,1013,1013,1013,1013,1013,1013,1013,1013,1013,1013,1013,1013,1013,1013,1013,1013,1013,1013,1013,1013,1013,1013,1013,1013,1013,1013,1013,1013,1013,1013,1013,1013,1013,1013,1013,1013,1013,1013,1013,1013,1013,1013,1013,1013,1013,1013,1013,1013,1013,1013,1013,1013,1013,1013,1013,1013,1013,1013,1013,1013,1013,1013,1013,1013,1013,1013,1013,1013,1013,1013,1013,1013,1013,1013,1013,1013,1013,1013,1013,1013,1013,1013,1013,1013,1013,1013,1013,1013,1013,1013,1013,1013,1013,1013,1013,1013,1013,1013,1013,1013,1013,1013,1013,1013,1013,1013,1013,1013,1013,1013,1013,1013,1013,1013,1013,1013,1013,1013,1013,1013,1013,1013,1013,1013,1013,1013,1013,1013,1013,1013,1013,1013,1013,1013,1013,1013,1013,1013,1013,1013,1013,1013,1013,1013,1013,1013,1013,1013,1013,1013,1013,1013,1013,1013,1013,1013,1013,1013,1013,1013,1013,1013,1013,1013,1013,1013,1013,1013,1013,1013,1013,1013,1013,1013,1013,1013,1013,1013,1013,1013,1013,1013,1013,1013,1013,1013,1013,1013,1013,1013,1013,1013,1013,1013,1013,1013,1013,1013,1013,1013,1013,1013,1013,1013,1013,1013,1013,1013,1013,1013,1013,1013,1013,1013,1013,1013,1013,1013,1013,1013,1013,1013,1013,1013,1013,1013,1013,1013,1013,1013,1013,1013,1013,1013,1013,1013,1013,1013,1013,1013,1013,1013,1013,1013,1013,1013,1013,1013,1013,1013,1013,1013,1013,1013,1013,1013,1013,1013,1013,1013,1013,1013,1013,1013,1013,1013,1013,1013,1013,1013,1013,1013,1013,1013,1013,1013,1013,1013,1013,1013,1013,1013,1013,1013,1013,1013,1013,1013,1013,1013,1013,1013,1013,1013,1013,1013,1013,1013,1013,1013,1013,1013,1013,1013,1013,1013,1013,1013,1013,1013,1013,1013,1013,1013,1013,1013,1013,1013,1013,1013,1013,1013,1013,1013,1013,1013,1013,1013,1013,1013,1013,1013,1013,1013,1013,1013,1013,1013,1013,1013,1013,1013,1013,1013,1013,1013,1013,1013,1013,1013,1013,1013,1013,1013,1013,1013,1013,1013,1013,1013,1013,1013,1013,1013,1013,1013,1013,1013,1013,1013,1013,1013,1013,1013,1013,1013,1013,1013,1013,1013,1013,1013,1013,1013,1013,1013,1013,1013,1013,1013,1013,1013,1013,1013,1013,1013,1013,1013,1013,1013,1013,1013,1013,1013,1013,1013,1013,1013,1013,1013,1013,1013,1013,1013,1013,1013,1013,1013,1013
c,FEMISS,0,0,0,0,0,0,0,0,0,0,0,0,0,0,0,0,0,0,0,0,0,0,0,0,0,0,0,0,0,0,0,0,0,0,0,0,0,0,0,0,0,0,0,0,0,0,0,0,0,0,0,0,0,0,0,0,0,0,0,0,0,0,0,0,0,0,0,0,0,0,0,0,0,0,0,0,0,0,0,0,0,0,0,0,0,0,0,0,0,0,0,0,0,0,0,0,0,0,0,0,0,0,0,0,0,0,0,0,0,0,0,0,0,0,0,0,0,0,0,0,0,0,0,0,0,0,0,0,0,0,0,0,0,0,0,0,0,0,0,0,0,0,0,0,0,0,0,0,0,0,0,0,0,0,0,0,0,0,0,0,0,0,0,0,0,0,0,0,0,0,0,0,0,0,0,0,0,0,0,0,0,0,0,0,0,0,0,0,0,0,0,0,0,0,0,0,0,0,0,0,0,0,0,0,0,0,0,0,0,0,0,0,0,0,0,0,0,0,0,0,0,0,0,0,0,0,0,0,0,0,0,0,0,0,0,0,0,0,0,0,0,0,0,0,0,0,0,0,0,0,0,0,0,0,0,0,0,0,0,0,0,0,0,0,0,0,0,0,0,0,0,0,0,0,0,0,0,0,0,0,0,0,0,0,0,0,0,0,0,0,0,0,0,0,0,0,0,0,0,0,0,0,0,0,0,0,0,0,0,0,0,0,0,0,0,0,0,0,0,0,0,0,0,0,0,0,0,0,0,0,0,0,0,0,0,0,0,0,0,0,0,0,0,0,0,0,0,0,0,0,0,0,0,0,0,0,0,0,0,0,0,0,0,0,0,0,0,0,0,0,0,0,0,0,0,0,0,0,0,0,0,0,0,0,0,0,0,0,0,0,0,0,0,0,0,0,0,0,0,0,0,0,0,0,0,0,0,0,0,0,0,0,0,0,0,0,0,0,0,0,0,0,0,0,0,0,0,0,0,0,0,0,0,0,0,0,0,0,0,0,0,0,0,0,0,0,0,0,0,0,0,0,0,0,0,0,0,0,0,0,0,0,0,0,0,0,0,0,0,0,0,0,0,0,0,0,0,0,0,0,0,0,0,0,0,0,0,0,0,0,0,0,0,0,0,0,0,0,0,0,0,0,0,0,0,0,0,0,0,0,0,0,0,0,0,0,0,0,0,0,0,0,0,0,0,0,0,0,0,0,0,0,0,0,0,0,0,0,0,0,0,0,0,0,0,0,0,0,0,0,0,0,0,0,0,0,0,0,0,0,0,0,0,0,0,0,0,0,0,0,0,0,0,0,0,0,0,0,0,0,0,0,0,0,0,0,0,0,0,0,0,0,0,0,0,0,0,0,0,0,0,0,0,0,0,0,0,0,0,0,0,0,0,0,0,0,0,0,0,0,0,0,0,0,0,0,0,0,0,0,0,0,0,0,0,0,0,0,0,0,0,0,0,0,0,0,0,0,0,0,0,0,0,0,0,0,0,0,0,0,0,0,0,0,0,0,0,0,0,0,0,0,0,0,0,0,0,0,0,0,0,0,0,0,0,0,0,0,0,0,0,0,0,0,0,0,0,0,0,0,0
c,ALBEDO,0,0,0,0,0,0,0,0,0,0,0,0,0,0,0,0,0,0,0,0,0,0,0,0,0,0,0,0,0,0,0,0,0,0,0,0,0,0,0,0,0,0,0,0,0,0,0,0,0,0,0,0,0,0,0,0,0,0,0,0,0,0,0,0,0,0,0,0,0,0,0,0,0,0,0,0,0,0,0,0,0,0,0,0,0,0,0,0,0,0,0,0,0,0,0,0,0,0,0,0,0,0,0,0,0,0,0,0,0,0,0,0,0,0,0,0,0,0,0,0,0,0,0,0,0,0,0,0,0,0,0,0,0,0,0,0,0,0,0,0,0,0,0,0,0,0,0,0,0,0,0,0,0,0,0,0,0,0,0,0,0,0,0,0,0,0,0,0,0,0,0,0,0,0,0,0,0,0,0,0,0,0,0,0,0,0,0,0,0,0,0,0,0,0,0,0,0,0,0,0,0,0,0,0,0,0,0,0,0,0,0,0,0,0,0,0,0,0,0,0,0,0,0,0,0,0,0,0,0,0,0,0,0,0,0,0,0,0,0,0,0,0,0,0,0,0,0,0,0,0,0,0,0,0,0,0,0,0,0,0,0,0,0,0,0,0,0,0,0,0,0,0,0,0,0,0,0,0,0,0,0,0,0,0,0,0,0,0,0,0,0,0,0,0,0,0,0,0,0,0,0,0,0,0,0,0,0,0,0,0,0,0,0,0,0,0,0,0,0,0,0,0,0,0,0,0,0,0,0,0,0,0,0,0,0,0,0,0,0,0,0,0,0,0,0,0,0,0,0,0,0,0,0,0,0,0,0,0,0,0,0,0,0,0,0,0,0,0,0,0,0,0,0,0,0,0,0,0,0,0,0,0,0,0,0,0,0,0,0,0,0,0,0,0,0,0,0,0,0,0,0,0,0,0,0,0,0,0,0,0,0,0,0,0,0,0,0,0,0,0,0,0,0,0,0,0,0,0,0,0,0,0,0,0,0,0,0,0,0,0,0,0,0,0,0,0,0,0,0,0,0,0,0,0,0,0,0,0,0,0,0,0,0,0,0,0,0,0,0,0,0,0,0,0,0,0,0,0,0,0,0,0,0,0,0,0,0,0,0,0,0,0,0,0,0,0,0,0,0,0,0,0,0,0,0,0,0,0,0,0,0,0,0,0,0,0,0,0,0,0,0,0,0,0,0,0,0,0,0,0,0,0,0,0,0,0,0,0,0,0,0,0,0,0,0,0,0,0,0,0,0,0,0,0,0,0,0,0,0,0,0,0,0,0,0,0,0,0,0,0,0,0,0,0,0,0,0,0,0,0,0,0,0,0,0,0,0,0,0,0,0,0,0,0,0,0,0,0,0,0,0,0,0,0,0,0,0,0,0,0,0,0,0,0,0,0,0,0,0,0,0,0,0,0,0,0,0,0,0,0,0,0,0,0,0,0,0,0,0,0,0,0,0,0,0,0,0,0,0,0,0,0,0,0,0,0,0,0,0,0,0,0,0,0,0,0,0,0,0,0,0,0,0,0,0,0,0,0,0,0,0,0,0,0,0,0,0,0,0,0,0,0,0,0,0,0,0,0,0,0,0
c,DEPOS,0,0,0,0,0,0,0,0,0,0,0,0,0,0,0,0,0,0,0,0,0,0,0,0,0,0,0,0,0,0,0,0,0,0,0,0,0,0,0,0,0,0,0,0,0,0,0,0,0,0,0,0,0,0,0,0,0,0,0,0,0,0,0,0,0,0,0,0,0,0,0,0,0,0,0,0,0,0,0,0,0,0,0,0,0,0,0,0,0,0,0,0,0,0,0,0,0,0,0,0,0,0,0,0,0,0,0,0,0,0,0,0,0,0,0,0,0,0,0,0,0,0,0,0,0,0,0,0,0,0,0,0,0,0,0,0,0,0,0,0,0,0,0,0,0,0,0,0,0,0,0,0,0,0,0,0,0,0,0,0,0,0,0,0,0,0,0,0,0,0,0,0,0,0,0,0,0,0,0,0,0,0,0,0,0,0,0,0,0,0,0,0,0,0,0,0,0,0,0,0,0,0,0,0,0,0,0,0,0,0,0,0,0,0,0,0,0,0,0,0,0,0,0,0,0,0,0,0,0,0,0,0,0,0,0,0,0,0,0,0,0,0,0,0,0,0,0,0,0,0,0,0,0,0,0,0,0,0,0,0,0,0,0,0,0,0,0,0,0,0,0,0,0,0,0,0,0,0,0,0,0,0,0,0,0,0,0,0,0,0,0,0,0,0,0,0,0,0,0,0,0,0,0,0,0,0,0,0,0,0,0,0,0,0,0,0,0,0,0,0,0,0,0,0,0,0,0,0,0,0,0,0,0,0,0,0,0,0,0,0,0,0,0,0,0,0,0,0,0,0,0,0,0,0,0,0,0,0,0,0,0,0,0,0,0,0,0,0,0,0,0,0,0,0,0,0,0,0,0,0,0,0,0,0,0,0,0,0,0,0,0,0,0,0,0,0,0,0,0,0,0,0,0,0,0,0,0,0,0,0,0,0,0,0,0,0,0,0,0,0,0,0,0,0,0,0,0,0,0,0,0,0,0,0,0,0,0,0,0,0,0,0,0,0,0,0,0,0,0,0,0,0,0,0,0,0,0,0,0,0,0,0,0,0,0,0,0,0,0,0,0,0,0,0,0,0,0,0,0,0,0,0,0,0,0,0,0,0,0,0,0,0,0,0,0,0,0,0,0,0,0,0,0,0,0,0,0,0,0,0,0,0,0,0,0,0,0,0,0,0,0,0,0,0,0,0,0,0,0,0,0,0,0,0,0,0,0,0,0,0,0,0,0,0,0,0,0,0,0,0,0,0,0,0,0,0,0,0,0,0,0,0,0,0,0,0,0,0,0,0,0,0,0,0,0,0,0,0,0,0,0,0,0,0,0,0,0,0,0,0,0,0,0,0,0,0,0,0,0,0,0,0,0,0,0,0,0,0,0,0,0,0,0,0,0,0,0,0,0,0,0,0,0,0,0,0,0,0,0,0,0,0,0,0,0,0,0,0,0,0,0,0,0,0,0,0,0,0,0,0,0,0,0,0,0,0,0,0,0,0,0,0,0,0,0,0,0,0,0,0,0,0,0,0,0,0,0,0,0,0,0,0,0,0,0,0,0,0,0,0,0,0,0,0,0,0,0,0,0,0,0
c,O3,0,2e-08,2e-08,2e-08,2e-08,2e-08,2e-08,2e-08,2e-08,2e-08,2e-08,2e-08,2e-08,2e-08,2e-08,2e-08,2e-08,2e-08,2e-08,2e-08,2e-08,2e-08,2e-08,2e-08,2e-08,2e-08,2e-08,2e-08,2e-08,2e-08,2e-08,2e-08,2e-08,2e-08,2e-08,2e-08,2e-08,2e-08,2e-08,2e-08,2e-08,2e-08,2e-08,2e-08,2e-08,2e-08,2e-08,2e-08,2e-08,2e-08,2e-08,2e-08,2e-08,2e-08,2e-08,2e-08,2e-08,2e-08,2e-08,2e-08,2e-08,2e-08,2e-08,2e-08,2e-08,2e-08,2e-08,2e-08,2e-08,2e-08,2e-08,2e-08,2e-08,2e-08,2e-08,2e-08,2e-08,2e-08,2e-08,2e-08,2e-08,2e-08,2e-08,2e-08,2e-08,2e-08,2e-08,2e-08,2e-08,2e-08,2e-08,2e-08,2e-08,2e-08,2e-08,2e-08,2e-08,2e-08,2e-08,2e-08,2e-08,2e-08,2e-08,2e-08,2e-08,2e-08,2e-08,2e-08,2e-08,2e-08,2e-08,2e-08,2e-08,2e-08,2e-08,2e-08,2e-08,2e-08,2e-08,2e-08,2e-08,2e-08,2e-08,2e-08,2e-08,2e-08,2e-08,2e-08,2e-08,2e-08,2e-08,2e-08,2e-08,2e-08,2e-08,2e-08,2e-08,2e-08,2e-08,2e-08,2e-08,2e-08,2e-08,2e-08,2e-08,2e-08,2e-08,2e-08,2e-08,2e-08,2e-08,2e-08,2e-08,2e-08,2e-08,2e-08,2e-08,2e-08,2e-08,2e-08,2e-08,2e-08,2e-08,2e-08,2e-08,2e-08,2e-08,2e-08,2e-08,2e-08,2e-08,2e-08,2e-08,2e-08,2e-08,2e-08,2e-08,2e-08,2e-08,2e-08,2e-08,2e-08,2e-08,2e-08,2e-08,2e-08,2e-08,2e-08,2e-08,2e-08,2e-08,2e-08,2e-08,2e-08,2e-08,2e-08,2e-08,2e-08,2e-08,2e-08,2e-08,2e-08,2e-08,2e-08,2e-08,2e-08,2e-08,2e-08,2e-08,2e-08,2e-08,2e-08,2e-08,2e-08,2e-08,2e-08,2e-08,2e-08,2e-08,2e-08,2e-08,2e-08,2e-08,2e-08,2e-08,2e-08,2e-08,2e-08,2e-08,2e-08,2e-08,2e-08,2e-08,2e-08,2e-08,2e-08,2e-08,2e-08,2e-08,2e-08,2e-08,2e-08,2e-08,2e-08,2e-08,2e-08,2e-08,2e-08,2e-08,2e-08,2e-08,2e-08,2e-08,2e-08,2e-08,2e-08,2e-08,2e-08,2e-08,2e-08,2e-08,2e-08,2e-08,2e-08,2e-08,2e-08,2e-08,2e-08,2e-08,2e-08,2e-08,2e-08,2e-08,2e-08,2e-08,2e-08,2e-08,2e-08,2e-08,2e-08,2e-08,2e-08,2e-08,2e-08,2e-08,2e-08,2e-08,2e-08,2e-08,2e-08,2e-08,2e-08,2e-08,2e-08,2e-08,2e-08,2e-08,2e-08,2e-08,2e-08,2e-08,2e-08,2e-08,2e-08,2e-08,2e-08,2e-08,2e-08,2e-08,2e-08,2e-08,2e-08,2e-08,2e-08,2e-08,2e-08,2e-08,2e-08,2e-08,2e-08,2e-08,2e-08,2e-08,2e-08,2e-08,2e-08,2e-08,2e-08,2e-08,2e-08,2e-08,2e-08,2e-08,2e-08,2e-08,2e-08,2e-08,2e-08,2e-08,2e-08,2e-08,2e-08,2e-08,2e-08,2e-08,2e-08,2e-08,2e-08,2e-08,2e-08,2e-08,2e-08,2e-08,2e-08,2e-08,2e-08,2e-08,2e-08,2e-08,2e-08,2e-08,2e-08,2e-08,2e-08,2e-08,2e-08,2e-08,2e-08,2e-08,2e-08,2e-08,2e-08,2e-08,2e-08,2e-08,2e-08,2e-08,2e-08,2e-08,2e-08,2e-08,2e-08,2e-08,2e-08,2e-08,2e-08,2e-08,2e-08,2e-08,2e-08,2e-08,2e-08,2e-08,2e-08,2e-08,2e-08,2e-08,2e-08,2e-08,2e-08,2e-08,2e-08,2e-08,2e-08,2e-08,2e-08,2e-08,2e-08,2e-08,2e-08,2e-08,2e-08,2e-08,2e-08,2e-08,2e-08,2e-08,2e-08,2e-08,2e-08,2e-08,2e-08,2e-08,2e-08,2e-08,2e-08,2e-08,2e-08,2e-08,2e-08,2e-08,2e-08,2e-08,2e-08,2e-08,2e-08,2e-08,2e-08,2e-08,2e-08,2e-08,2e-08,2e-08,2e-08,2e-08,2e-08,2e-08,2e-08,2e-08,2e-08,2e-08,2e-08,2e-08,2e-08,2e-08,2e-08,2e-08,2e-08,2e-08,2e-08,2e-08,2e-08,2e-08,2e-08,2e-08,2e-08,2e-08,2e-08,2e-08,2e-08,2e-08,2e-08,2e-08,2e-08,2e-08,2e-08,2e-08,2e-08,2e-08,2e-08,2e-08,2e-08,2e-08,2e-08,2e-08,2e-08,2e-08,2e-08,2e-08,2e-08,2e-08,2e-08,2e-08,2e-08,2e-08,2e-08,2e-08,2e-08,2e-08,2e-08,2e-08,2e-08,2e-08,2e-08,2e-08,2e-08,2e-08,2e-08,2e-08,2e-08,2e-08,2e-08,2e-08,2e-08,2e-08,2e-08,2e-08,2e-08,2e-08,2e-08,2e-08,2e-08,2e-08,2e-08,2e-08,2e-08,2e-08,2e-08,2e-08,2e-08,2e-08,2e-08,2e-08,2e-08,2e-08,2e-08,2e-08,2e-08,2e-08,2e-08,2e-08,2e-08,2e-08,2e-08,2e-08,2e-08,2e-08,2e-08,2e-08,2e-08,2e-08,2e-08,2e-08,2e-08,2e-08,2e-08,2e-08,2e-08,2e-08,2e-08,2e-08,2e-08,2e-08,2e-08,2e-08,2e-08,2e-08,2e-08,2e-08,2e-08,2e-08,2e-08,2e-08,2e-08,2e-08,2e-08,2e-08,2e-08,2e-08,2e-08,2e-08,2e-08,2e-08,2e-08,2e-08,2e-08,2e-08,2e-08,2e-08,2e-08,2e-08,2e-08,2e-08,2e-08,2e-08,2e-08,2e-08,2e-08,2e-08,2e-08,2e-08,2e-08,2e-08,2e-08,2e-08,2e-08,2e-08,2e-08,2e-08,2e-08,2e-08,2e-08,2e-08,2e-08,2e-08,2e-08,2e-08,2e-08,2e-08,2e-08,2e-08,2e-08,2e-08,2e-08,2e-08,2e-08,2e-08,2e-08,2e-08,2e-08,2e-08,2e-08,2e-08,2e-08,2e-08,2e-08,2e-08,2e-08,2e-08,2e-08,2e-08,2e-08,2e-08,2e-08,2e-08,2e-08,2e-08,2e-08,2e-08,2e-08,2e-08,2e-08,2e-08,2e-08,2e-08,2e-08,2e-08,2e-08,2e-08,2e-08,2e-08,2e-08,2e-08,2e-08,2e-08,2e-08,2e-08,2e-08,2e-08,2e-08,2e-08,2e-08,2e-08,2e-08,2e-08,2e-08,2e-08,2e-08,2e-08,2e-08,2e-08,2e-08,2e-08,2e-08,2e-08,2e-08,2e-08,2e-08,2e-08,2e-08,2e-08,2e-08,2e-08,2e-08,2e-08,2e-08,2e-08,2e-08,2e-08,2e-08,2e-08
c,CO,0,0,0,0,0,0,0,0,0,0,0,0,0,0,0,0,0,0,0,0,0,0,0,0,0,0,0,0,0,0,0,0,0,0,0,0,0,0,0,0,0,0,0,0,0,0,0,0,0,0,0,0,0,0,0,0,0,0,0,0,0,0,0,0,0,0,0,0,0,0,0,0,0,0,0,0,0,0,0,0,0,0,0,0,0,0,0,0,0,0,0,0,0,0,0,0,0,0,0,0,0,0,0,0,0,0,0,0,0,0,0,0,0,0,0,0,0,0,0,0,0,0,0,0,0,0,0,0,0,0,0,0,0,0,0,0,0,0,0,0,0,0,0,0,0,0,0,0,0,0,0,0,0,0,0,0,0,0,0,0,0,0,0,0,0,0,0,0,0,0,0,0,0,0,0,0,0,0,0,0,0,0,0,0,0,0,0,0,0,0,0,0,0,0,0,0,0,0,0,0,0,0,0,0,0,0,0,0,0,0,0,0,0,0,0,0,0,0,0,0,0,0,0,0,0,0,0,0,0,0,0,0,0,0,0,0,0,0,0,0,0,0,0,0,0,0,0,0,0,0,0,0,0,0,0,0,0,0,0,0,0,0,0,0,0,0,0,0,0,0,0,0,0,0,0,0,0,0,0,0,0,0,0,0,0,0,0,0,0,0,0,0,0,0,0,0,0,0,0,0,0,0,0,0,0,0,0,0,0,0,0,0,0,0,0,0,0,0,0,0,0,0,0,0,0,0,0,0,0,0,0,0,0,0,0,0,0,0,0,0,0,0,0,0,0,0,0,0,0,0,0,0,0,0,0,0,0,0,0,0,0,0,0,0,0,0,0,0,0,0,0,0,0,0,0,0,0,0,0,0,0,0,0,0,0,0,0,0,0,0,0,0,0,0,0,0,0,0,0,0,0,0,0,0,0,0,0,0,0,0,0,0,0,0,0,0,0,0,0,0,0,0,0,0,0,0,0,0,0,0,0,0,0,0,0,0,0,0,0,0,0,0,0,0,0,0,0,0,0,0,0,0,0,0,0,0,0,0,0,0,0,0,0,0,0,0,0,0,0,0,0,0,0,0,0,0,0,0,0,0,0,0,0,0,0,0,0,0,0,0,0,0,0,0,0,0,0,0,0,0,0,0,0,0,0,0,0,0,0,0,0,0,0,0,0,0,0,0,0,0,0,0,0,0,0,0,0,0,0,0,0,0,0,0,0,0,0,0,0,0,0,0,0,0,0,0,0,0,0,0,0,0,0,0,0,0,0,0,0,0,0,0,0,0,0,0,0,0,0,0,0,0,0,0,0,0,0,0,0,0,0,0,0,0,0,0,0,0,0,0,0,0,0,0,0,0,0,0,0,0,0,0,0,0,0,0,0,0,0,0,0,0,0,0,0,0,0,0,0,0,0,0,0,0,0,0,0,0,0,0,0,0,0,0,0,0,0,0,0,0,0,0,0,0,0,0,0,0,0,0,0,0,0,0,0,0,0,0,0,0,0,0,0,0,0,0,0,0,0,0,0,0,0,0,0,0,0,0,0,0,0,0,0,0,0,0,0,0,0,0,0,0,0,0,0,0,0,0,0,0,0
lh,NO,0,1.4834971992405836e-08,6.594340048450135e-09,8.506968265286015e-08,2.159267221186484e-10,2.471753448470062e-14,2.768201559419034e-09,4.639279072966923e-10,9.68620358662851e-09,1.953457523499607e-15,9.881667595892464e-15,2.743984007479391e-15,3.0770985004569475e-08,1.2102625909216977e-11,1.8876875892438887e-10,5.539692984317865e-09,2.7819591734880446e-07,1.1095520034186566e-09,1.2338012932732305e-07,1.786685587363548e-14,3.7092557133972095e-09,9.535647890522768e-10,1.713727150964623e-11,4.439759894943355e-07,5.833959762746108e-15,3.2230567930234912e-12,1.6402901182948197e-08,9.017016436485522e-16,7.028034763110255e-08,2.9399755104578435e-10,3.9483198594938363e-14,1.5401614324456953e-13,2.608867995523602e-13,9.316517408148728e-12,3.456455565681247e-15,1.2511079293528824e-11,1.7018077757354229e-13,5.890019866375932e-16,1.8246186162207478e-08,1.7964728467595023e-13,3.259786198850668e-11,3.324628279209868e-10,3.4907734021988408e-12,1.0735953321523682e-13,6.7130403661930224e-09,4.620088584325662e-10,2.2137691630717594e-11,1.947104525639898e-09,3.596657890272624e-10,1.748439256239012e-12,4.514306286186701e-14,1.675708130805754e-09,1.7068009810816767e-15,2.9361055039138357e-12,4.102444357626942e-14,5.708125025621129e-09,4.9206487801601026e-11,1.1685884319206398e-11,3.5929975384394176e-11,2.061378445393274e-15,1.024121789217635e-14,2.3053629610659016e-11,3.3798734889914e-13,1.813998912163444e-14,3.0624619143010676e-10,7.657658432761457e-16,1.153075287955616e-08,2.0881058105825913e-10,7.676693565129225e-14,3.1392918032806933e-15,4.634002775505791e-08,6.477069851927139e-14,8.106775323376397e-12,9.14643109565423e-11,2.5103565057469655e-08,1.3750514793346565e-08,6.002539047794628e-08,9.490688949167692e-14,7.117234010680599e-15,4.826427556009054e-07,7.457309154564233e-10,4.230364613487586e-11,1.0222131564541768e-15,3.4015278389834717e-10,1.2711226283153093e-14,3.905515281994622e-08,2.1517306619164414e-09,7.571190753325024e-12,6.772342664840711e-10,3.404115723396754e-14,3.5191819789303835e-13,7.200098618074078e-08,2.19267336260802e-12,1.0725428536607796e-10,4.911681616496099e-08,1.5709346606040822e-10,6.063187822818406e-16,8.402156510838691e-08,6.147971818342654e-13,8.653491650615084e-11,2.843510125324983e-10,3.0199347029389514e-13,1.000161817385976e-12,7.642141779058443e-09,2.6146941438056016e-14,1.303470750530463e-13,5.014983529053216e-15,2.3686180514055827e-15,3.5834840632997515e-12,3.295264262320954e-09,1.2671720916326822e-15,6.34945353305262e-11,1.4098846521541373e-14,1.0083394970937836e-15,2.0993256070126087e-15,4.312160138677281e-08,5.328524988552827e-11,7.3163041461053526e-09,1.6019879650727306e-10,3.030298581722494e-15,8.130313084158522e-16,4.1427980055590376e-10,5.2584861694279844e-14,2.711130672028063e-07,1.3693524550353952e-13,2.089865553806271e-12,1.0517418251641866e-14,3.6169972768571487e-07,2.0266369092619524e-12,5.682653668077952e-10,2.1919299273708563e-09,5.2984312605088686e-08,3.7532417705479315e-10,3.238982259980041e-14,7.846166157367227e-09,4.0353103329830224e-07,1.5475116090478943e-15,4.051826793430023e-09,3.4453572342310756e-10,5.057506294026023e-14,2.258283762973792e-15,2.371947867993677e-12,2.028143205554164e-09,3.5301451154395714e-14,2.5437968722384794e-13,3.2632348220293995e-08,1.754888935524968e-13,3.2707033530971003e-13,7.950054183545937e-09,2.662506843934582e-11,2.4037842555222976e-08,6.37687811942613e-08,1.589366662694869e-07,2.857816832433637e-15,5.053258677376121e-15,6.678533477419954e-11,8.491156749830963e-14,8.877812516014202e-15,1.925102714357546e-10,5.473310626705002e-10,2.2272200894780454e-13,4.569266847749071e-11,7.939450206648179e-15,1.202192112402197e-15,6.985540447142383e-14,5.230253252769408e-10,9.932608419313729e-09,9.525154152040325e-11,2.0110893363161832e-11,1.8407424393318664e-10,3.197564566467911e-07,1.1890432139228419e-07,7.464126896458367e-13,2.9367982332117547e-15,4.865463395148711e-11,1.3081387077036375e-08,5.762681038139881e-14,9.930282696881698e-11,8.241863328890095e-09,1.812119409991007e-09,1.5854344106654582e-14,2.381374633172082e-10,5.729470958435135e-09,2.3269169990644024e-14,4.3023621128040797e-07,1.749400731135718e-11,1.204124730979204e-08,1.261657763867331e-08,1.0964891808143572e-07,9.829072706775007e-16,2.777737850270663e-10,2.394776400044245e-12,5.3837405896901305e-09,1.6423939626866382e-07,5.246423013940732e-12,1.6115800037413027e-12,5.29582102102624e-12,9.360370958166439e-14,1.3588228800634999e-11,5.461080533227357e-13,6.618185051474228e-13,8.71744717384327e-12,2.8196825655746054e-11,3.372991433077077e-08,5.026208856280023e-11,1.1908361348239127e-09,4.113243344528448e-15,1.4218954025458687e-12,5.256282266692682e-16,1.3564168638173209e-09,1.2129341267756288e-10,5.783230404058718e-13,3.111120333890599e-07,1.2982885279979987e-09,1.4801007063313604e-13,1.1119052538122102e-15,4.297799751291668e-14,3.7769755898903886e-13,9.208558336078146e-16,1.66216310784009e-11,2.478007766427789e-15,1.8923497092985813e-14,2.5164272746203216e-07,2.1007266165376378e-14,4.887424980928005e-09,1.4609575415130226e-15,1.491643322806746e-11,5.944596449586807e-13,1.381399295905918e-15,4.101457629030664e-10,8.71717243193556e-09,6.186195602199943e-08,6.003381644695892e-09,1.511055450473236e-09,5.7679112515695e-16,6.163122355909523e-12,2.3232611230097506e-10,7.109595840866091e-13,5.450589186616104e-08,9.513308832524274e-13,1.2485158417749894e-07,2.4971228269053684e-11,1.3505424959756302e-07,3.47647729850168e-11,4.342842995888773e-13,2.431060784814867e-07,3.385089869726396e-08,2.933952109082837e-08,5.5946228112135406e-08,4.541974424172344e-08,1.1159964394027809e-10,6.736364979055187e-08,8.172774680642478e-13,4.3184027608775146e-10,2.1006247873416345e-08,2.2394795444115237e-07,7.313383058685394e-08,2.1737267670816492e-12,3.6141061398016973e-09,2.93206398690474e-13,9.828790122147507e-12,5.555595711732451e-14,6.842821760040158e-13,7.845541809241255e-15,6.355552190579399e-10,6.438118799267288e-11,1.2124493691048132e-12,1.8109656091663797e-07,9.898114049768596e-11,2.997783112023485e-11,8.36209280433848e-13,2.4562229637589275e-09,2.2479108950127073e-14,8.836078412406203e-13,3.522280050062862e-08,1.7553474293146849e-09,9.21295983774929e-12,6.720043625647132e-16,3.0797759648212165e-09,1.3763026286786731e-12,8.024171818458594e-08,1.1373976273557119e-12,1.296797763149558e-15,4.4960648725893863e-13,1.6245774567046455e-15,6.649058592544165e-14,1.0753336741528334e-09,3.219210330071383e-09,1.7886775235335916e-08,1.8643204637039696e-09,3.515018673797029e-09,1.2082839504930168e-13,6.342117706689322e-13,1.929407964414866e-15,6.3131171985940606e-15,5.3897963427185496e-15,5.3320711705565095e-15,8.853260288240505e-12,8.822764187833397e-08,6.348600998145277e-14,5.486074344166911e-16,2.3760157015721706e-09,2.7863943195401586e-13,1.03864571531355e-08,1.433333816400831e-08,1.283317017031603e-12,1.1162638748562106e-07,2.1806488406966566e-11,6.9203342041800606e-15,4.463454270130735e-09,4.441963511072395e-11,2.1609501502416398e-07,4.067932093344059e-11,2.289326710976949e-15,2.832215181928726e-12,2.8163752194742735e-08,2.563580083943181e-15,8.933977169353592e-09,9.440698925421313e-16,1.0233165899421393e-13,8.809618381830376e-11,4.175564659440498e-09,1.5693231288777346e-08,5.828416023092001e-12,7.837721414674668e-10,2.284514480898707e-09,1.1443722394166949e-09,1.7169690705458488e-14,6.876993066804195e-13,9.620146419474926e-15,5.393843131691116e-13,2.3718119748249737e-07,4.926306713632775e-07,4.3736763256301435e-09,8.439948056193187e-16,1.0832959904987541e-11,1.061043021443012e-13,4.2246842216790265e-08,2.9238453239250534e-11,1.2919114300752198e-11,1.3055334009740403e-09,1.316800996204997e-10,5.91138067322514e-14,5.578610886571637e-12,1.0032304613542133e-11,3.7233911349855077e-11,1.2341590547258455e-13,7.172379778703164e-12,3.2745765675240717e-13,2.5611944299086553e-09,7.424421307066307e-15,4.088040756039092e-12,5.038095290821533e-16,1.4506090281637149e-07,5.488468668250051e-11,1.8342896990876618e-07,1.4753070046351598e-10,5.0727342538977015e-08,6.867855980916469e-12,6.003185810152717e-15,7.470250091007221e-14,7.482680321536286e-11,7.952017938508179e-10,2.697191346743935e-10,4.61051320759836e-12,6.486580351544182e-08,7.340848285412537e-16,7.018214981346968e-14,3.5656161258779884e-15,1.1515813699270632e-07,5.905948943101658e-11,1.524568789007595e-12,5.183925066035619e-10,1.6318251109626792e-13,2.8895374595518404e-09,1.455985950247073e-10,1.8184452266686097e-13,5.791565299274009e-08,8.767742796430115e-15,2.5901107487533198e-08,1.022712973168705e-12,1.157356145868126e-15,1.2300064428244418e-14,1.1812023057276968e-08,3.4192118908310983e-09,1.0774571865305923e-14,4.769283384469399e-09,4.966928909037644e-12,1.9597119385534707e-07,1.2224960239063058e-14,6.877911246370957e-10,7.99861976387148e-12,4.236968507236028e-13,3.683848532522854e-12,3.1242007661361626e-13,8.137279217450323e-14,4.886101425801535e-10,6.145355944319594e-11,1.0483879378900409e-10,1.6556264701935698e-12,5.634422219806e-15,1.537133704649463e-11,4.337332242741863e-12,4.1259038671763404e-13,8.281172378471059e-11,1.1114231226375324e-10,1.61694464541602e-09,3.596347981762778e-14,1.31317653170245e-13,1.7904980794171636e-12,1.4089267325654572e-08,3.4750972501923657e-07,3.883567689105657e-15,9.901062500996141e-08,5.119828120446427e-12,5.245668444132165e-08,5.338550717336553e-16,1.1404996399503609e-15,2.0172490095887903e-13,7.267208612271596e-11,2.5145304833875983e-08,8.664709073925306e-16,1.055679621669954e-11,1.1862150885979742e-12,2.4741429696393046e-13,2.3105909621490765e-07,1.3684861105376274e-07,2.410064206652354e-14,1.6458303929162184e-10,3.39981944814961e-07,2.0909217599265935e-11,1.7084742175647024e-12,1.3722378557615243e-11,5.175780769829901e-14,3.067725751637261e-09,6.643329029626555e-12,1.4441692086814666e-09,1.0413064963532805e-11,1.03268279307998e-09,3.5563569979817295e-07,2.876677673402349e-14,1.7358440394498892e-09,1.4474093466648746e-11,7.392877245182364e-12,3.77213294447012e-14,2.680504120228417e-08,4.991180225809795e-10,1.2849837880000156e-07,1.7544100568236447e-08,1.7645440076913593e-07,1.9487190293925892e-11,3.767591052300478e-07,1.4889949891498023e-14,1.0736419679536034e-15,1.8828024987405017e-11,3.316714470942018e-11,1.3887562287565889e-10,7.034300780160302e-16,3.7842182337942547e-10,3.7710361403444186e-11,1.860385795660766e-12,1.7276174284841567e-10,1.563076804229478e-09,7.698693675224703e-11,1.1245436976190413e-12,1.5124522146510716e-10,1.643652756752658e-14,1.8340101392805474e-15,1.9319408961828004e-14,7.534470368177687e-13,8.170787805621208e-10,3.3303639237623108e-15,1.5634065419124272e-13,1.0075341507665938e-08,1.1091880075235618e-14,1.9895623940353544e-14,4.8583128413718285e-15,1.877701641713195e-15,2.3613248631711667e-08,2.8545131383687483e-08,7.215846897838357e-10,3.986118562863935e-12,6.255172295522968e-16,2.3045327452871535e-09,8.705048088237235e-10,2.645812626185053e-14,4.1297635121769997e-14,5.735877322133963e-13,2.034697629332109e-14,2.1726701529812926e-15,3.843138175615306e-15,9.115432628640635e-13,2.4742832128715726e-12,2.1087610483699807e-08,2.2129673158142608e-08,2.6450777915032783e-09,2.1155920965866106e-07,7.092610245584352e-10,2.851638367752981e-13,2.5976882298645037e-11,8.441592841869899e-09,1.1842461217645616e-13,2.0611652972218042e-13,9.797811862315467e-10,1.680489512670166e-14,9.248856287084533e-08,1.2441945816527774e-15,6.437914248759085e-12,1.1133704349277901e-13,1.911618560370613e-13,1.3649956534586858e-15,2.424265926082637e-10,6.114936077370741e-10,1.832992993160236e-11,4.466144357036476e-15,7.239003594560541e-09,1.0965534270735828e-12,1.5281570562785208e-15,2.9483903699177886e-14,1.6977111525318523e-07,6.6513418188766985e-15,6.451746979028096e-16,2.86008988906989e-07,3.0797669240681743e-15,2.1910660775786276e-13,3.9676443077877e-09,1.6807589025989304e-15,4.54773858083338e-15,3.9808351681229547e-10,2.0090814704269473e-08,1.2571515066516357e-10,5.64871494150838e-12,3.9414338184228713e-13,8.524562058739047e-15,6.406541348470959e-09,9.3658158233807e-15,4.496326158828099e-07,5.191843320862098e-11,4.6596876879294404e-14,2.5455953468969686e-12,2.994921642845355e-10,1.0469686213657679e-07,7.907742893778764e-11,2.3815876725827424e-13,3.780090352723846e-08,1.2225924429836857e-10,9.43009712002158e-08,1.5713150054971874e-07,3.9065366411810305e-07,9.258855207333437e-13,2.258862071207269e-12,6.733401482223049e-16,3.3881260876366825e-12,4.495431808351962e-12,5.4331355124494736e-14,8.718197934246636e-14,1.2429977128727123e-09,4.6865840276423234e-11,1.3964189115444235e-09,1.427041477430128e-13,1.4375887940885758e-07,2.043722487016355e-10,1.57059899514593e-12,4.841562765760578e-13,3.877953478092245e-12,2.843707152681922e-12,9.006160096912584e-14,1.3486893715011577e-14,8.243811824584943e-15,1.614202153504606e-11,4.452944815892047e-10,3.873125752599554e-13,4.10573153930008e-07,4.651812151900403e-13,2.54220379197218e-14,4.372036475359579e-14,7.355199546041946e-16,3.001909235043436e-14,1.0173570992295396e-07,3.073375037397451e-11,1.4484822037425753e-14,5.0985008302302464e-09,3.141476208192403e-08,8.490531473019981e-13,1.1944689383646457e-09,3.2973031595824243e-15,6.796634654150974e-11,5.706330259352285e-11,6.109810256052993e-12,2.1653859151901428e-14,4.061636624888582e-08,2.6463943518616538e-15,6.9729952665566726e-09,4.7213256441753214e-15,1.4878624325745998e-09,1.437813914330096e-13,3.0546334829680986e-12,1.1516325285016533e-10,3.1645985176568524e-12,7.2870868576178e-15,2.6739905452839666e-12,1.678221744896035e-08,5.818920119469357e-10,9.374945524283806e-09,4.003645312198764e-08,1.0746723386318234e-08,1.5476659480369508e-14,2.258265683321426e-10,2.4202446582132032e-15,3.166147531870395e-11,1.1571157666622444e-14,3.079717621121436e-14,1.509876905748708e-07,7.011527593769594e-11,4.761446740264413e-12,1.2198155784641528e-11,2.7303275044244878e-14,1.923518044706269e-12,1.8987519862734314e-08,2.041497239236663e-09,3.28346630099409e-14,4.8344282666513644e-14,6.127846914200025e-09,1.065159040897721e-12,1.002903983138369e-09,2.543833421115548e-07,1.9022770910765267e-11,1.1415993589638639e-11,2.3358181474501664e-13,2.1403415479404736e-13,1.2764753346467541e-12,4.539204083889464e-09,2.0343328450431332e-07,4.068486872358442e-15,6.405367215075918e-15,2.6239682691065984e-10,1.1450500445140178e-13,2.3941986381214492e-11,2.686424413594781e-12,6.501662160639848e-10,3.6486687737360977e-13,3.679577844933903e-14,6.969379893913158e-12,1.460974950346692e-12,1.9831220835243808e-10,7.938947707702644e-08,3.920572164787636e-11,8.360445705110238e-10,7.996513289630871e-14,8.426296353197028e-12,1.4167829197807393e-15,3.726152694656456e-15,2.2952433466064002e-08,2.6522371879206726e-07,9.357278790411687e-10,5.223806356451987e-13,1.341580813786359e-12,2.7639096474564134e-11,2.678288077439828e-13,7.973837452265238e-16,4.784570122815017e-08,6.21349667785945e-14,4.602876973519345e-07,7.613591097803961e-08,1.1369508332413812e-14,1.10965722714246e-08,9.705226434386563e-08,1.9359324545185585e-12,1.3471953872948008e-08,4.33053266332878e-15,7.359588971533267e-14,3.840812698856752e-09,4.957647423411274e-09,4.742904314501662e-13,3.0083869935809634e-07,1.348537128710749e-10,1.9276372355581634e-07,2.3696220745158997e-11,2.5438180943228387e-10,3.629132967768853e-08,1.7683929069618472e-10,9.995364443807139e-14,4.159081004060649e-11,2.66615929281839e-09,1.4137739448349309e-11,6.017397690256699e-15,8.975435551043642e-10,7.861565921148107e-13,1.3027318867354942e-14,5.056962336547125e-13,1.9473288372641868e-13,3.747443291567058e-12,3.1997027170571595e-10,3.257823451279451e-07,8.48450315740543e-11,4.2128048105797405e-12,1.960753368235474e-08,1.766104781744051e-15,2.9355836718075496e-09,5.973119723568663e-10,1.555999142780698e-08
lh,NO2,0,1.4834971992405836e-08,6.594340048450135e-09,8.506968265286015e-08,2.159267221186484e-10,2.471753448470062e-14,2.768201559419034e-09,4.639279072966923e-10,9.68620358662851e-09,1.953457523499607e-15,9.881667595892464e-15,2.743984007479391e-15,3.0770985004569475e-08,1.2102625909216977e-11,1.8876875892438887e-10,5.539692984317865e-09,2.7819591734880446e-07,1.1095520034186566e-09,1.2338012932732305e-07,1.786685587363548e-14,3.7092557133972095e-09,9.535647890522768e-10,1.713727150964623e-11,4.439759894943355e-07,5.833959762746108e-15,3.2230567930234912e-12,1.6402901182948197e-08,9.017016436485522e-16,7.028034763110255e-08,2.9399755104578435e-10,3.9483198594938363e-14,1.5401614324456953e-13,2.608867995523602e-13,9.316517408148728e-12,3.456455565681247e-15,1.2511079293528824e-11,1.7018077757354229e-13,5.890019866375932e-16,1.8246186162207478e-08,1.7964728467595023e-13,3.259786198850668e-11,3.324628279209868e-10,3.4907734021988408e-12,1.0735953321523682e-13,6.7130403661930224e-09,4.620088584325662e-10,2.2137691630717594e-11,1.947104525639898e-09,3.596657890272624e-10,1.748439256239012e-12,4.514306286186701e-14,1.675708130805754e-09,1.7068009810816767e-15,2.9361055039138357e-12,4.102444357626942e-14,5.708125025621129e-09,4.9206487801601026e-11,1.1685884319206398e-11,3.5929975384394176e-11,2.061378445393274e-15,1.024121789217635e-14,2.3053629610659016e-11,3.3798734889914e-13,1.813998912163444e-14,3.0624619143010676e-10,7.657658432761457e-16,1.153075287955616e-08,2.0881058105825913e-10,7.676693565129225e-14,3.1392918032806933e-15,4.634002775505791e-08,6.477069851927139e-14,8.106775323376397e-12,9.14643109565423e-11,2.5103565057469655e-08,1.3750514793346565e-08,6.002539047794628e-08,9.490688949167692e-14,7.117234010680599e-15,4.826427556009054e-07,7.457309154564233e-10,4.230364613487586e-11,1.0222131564541768e-15,3.4015278389834717e-10,1.2711226283153093e-14,3.905515281994622e-08,2.1517306619164414e-09,7.571190753325024e-12,6.772342664840711e-10,3.404115723396754e-14,3.5191819789303835e-13,7.200098618074078e-08,2.19267336260802e-12,1.0725428536607796e-10,4.911681616496099e-08,1.5709346606040822e-10,6.063187822818406e-16,8.402156510838691e-08,6.147971818342654e-13,8.653491650615084e-11,2.843510125324983e-10,3.0199347029389514e-13,1.000161817385976e-12,7.642141779058443e-09,2.6146941438056016e-14,1.303470750530463e-13,5.014983529053216e-15,2.3686180514055827e-15,3.5834840632997515e-12,3.295264262320954e-09,1.2671720916326822e-15,6.34945353305262e-11,1.4098846521541373e-14,1.0083394970937836e-15,2.0993256070126087e-15,4.312160138677281e-08,5.328524988552827e-11,7.3163041461053526e-09,1.6019879650727306e-10,3.030298581722494e-15,8.130313084158522e-16,4.1427980055590376e-10,5.2584861694279844e-14,2.711130672028063e-07,1.3693524550353952e-13,2.089865553806271e-12,1.0517418251641866e-14,3.6169972768571487e-07,2.0266369092619524e-12,5.682653668077952e-10,2.1919299273708563e-09,5.2984312605088686e-08,3.7532417705479315e-10,3.238982259980041e-14,7.846166157367227e-09,4.0353103329830224e-07,1.5475116090478943e-15,4.051826793430023e-09,3.4453572342310756e-10,5.057506294026023e-14,2.258283762973792e-15,2.371947867993677e-12,2.028143205554164e-09,3.5301451154395714e-14,2.5437968722384794e-13,3.2632348220293995e-08,1.754888935524968e-13,3.2707033530971003e-13,7.950054183545937e-09,2.662506843934582e-11,2.4037842555222976e-08,6.37687811942613e-08,1.589366662694869e-07,2.857816832433637e-15,5.053258677376121e-15,6.678533477419954e-11,8.491156749830963e-14,8.877812516014202e-15,1.925102714357546e-10,5.473310626705002e-10,2.2272200894780454e-13,4.569266847749071e-11,7.939450206648179e-15,1.202192112402197e-15,6.985540447142383e-14,5.230253252769408e-10,9.932608419313729e-09,9.525154152040325e-11,2.0110893363161832e-11,1.8407424393318664e-10,3.197564566467911e-07,1.1890432139228419e-07,7.464126896458367e-13,2.9367982332117547e-15,4.865463395148711e-11,1.3081387077036375e-08,5.762681038139881e-14,9.930282696881698e-11,8.241863328890095e-09,1.812119409991007e-09,1.5854344106654582e-14,2.381374633172082e-10,5.729470958435135e-09,2.3269169990644024e-14,4.3023621128040797e-07,1.749400731135718e-11,1.204124730979204e-08,1.261657763867331e-08,1.0964891808143572e-07,9.829072706775007e-16,2.777737850270663e-10,2.394776400044245e-12,5.3837405896901305e-09,1.6423939626866382e-07,5.246423013940732e-12,1.6115800037413027e-12,5.29582102102624e-12,9.360370958166439e-14,1.3588228800634999e-11,5.461080533227357e-13,6.618185051474228e-13,8.71744717384327e-12,2.8196825655746054e-11,3.372991433077077e-08,5.026208856280023e-11,1.1908361348239127e-09,4.113243344528448e-15,1.4218954025458687e-12,5.256282266692682e-16,1.3564168638173209e-09,1.2129341267756288e-10,5.783230404058718e-13,3.111120333890599e-07,1.2982885279979987e-09,1.4801007063313604e-13,1.1119052538122102e-15,4.297799751291668e-14,3.7769755898903886e-13,9.208558336078146e-16,1.66216310784009e-11,2.478007766427789e-15,1.8923497092985813e-14,2.5164272746203216e-07,2.1007266165376378e-14,4.887424980928005e-09,1.4609575415130226e-15,1.491643322806746e-11,5.944596449586807e-13,1.381399295905918e-15,4.101457629030664e-10,8.71717243193556e-09,6.186195602199943e-08,6.003381644695892e-09,1.511055450473236e-09,5.7679112515695e-16,6.163122355909523e-12,2.3232611230097506e-10,7.109595840866091e-13,5.450589186616104e-08,9.513308832524274e-13,1.2485158417749894e-07,2.4971228269053684e-11,1.3505424959756302e-07,3.47647729850168e-11,4.342842995888773e-13,2.431060784814867e-07,3.385089869726396e-08,2.933952109082837e-08,5.5946228112135406e-08,4.541974424172344e-08,1.1159964394027809e-10,6.736364979055187e-08,8.172774680642478e-13,4.3184027608775146e-10,2.1006247873416345e-08,2.2394795444115237e-07,7.313383058685394e-08,2.1737267670816492e-12,3.6141061398016973e-09,2.93206398690474e-13,9.828790122147507e-12,5.555595711732451e-14,6.842821760040158e-13,7.845541809241255e-15,6.355552190579399e-10,6.438118799267288e-11,1.2124493691048132e-12,1.8109656091663797e-07,9.898114049768596e-11,2.997783112023485e-11,8.36209280433848e-13,2.4562229637589275e-09,2.2479108950127073e-14,8.836078412406203e-13,3.522280050062862e-08,1.7553474293146849e-09,9.21295983774929e-12,6.720043625647132e-16,3.0797759648212165e-09,1.3763026286786731e-12,8.024171818458594e-08,1.1373976273557119e-12,1.296797763149558e-15,4.4960648725893863e-13,1.6245774567046455e-15,6.649058592544165e-14,1.0753336741528334e-09,3.219210330071383e-09,1.7886775235335916e-08,1.8643204637039696e-09,3.515018673797029e-09,1.2082839504930168e-13,6.342117706689322e-13,1.929407964414866e-15,6.3131171985940606e-15,5.3897963427185496e-15,5.3320711705565095e-15,8.853260288240505e-12,8.822764187833397e-08,6.348600998145277e-14,5.486074344166911e-16,2.3760157015721706e-09,2.7863943195401586e-13,1.03864571531355e-08,1.433333816400831e-08,1.283317017031603e-12,1.1162638748562106e-07,2.1806488406966566e-11,6.9203342041800606e-15,4.463454270130735e-09,4.441963511072395e-11,2.1609501502416398e-07,4.067932093344059e-11,2.289326710976949e-15,2.832215181928726e-12,2.8163752194742735e-08,2.563580083943181e-15,8.933977169353592e-09,9.440698925421313e-16,1.0233165899421393e-13,8.809618381830376e-11,4.175564659440498e-09,1.5693231288777346e-08,5.828416023092001e-12,7.837721414674668e-10,2.284514480898707e-09,1.1443722394166949e-09,1.7169690705458488e-14,6.876993066804195e-13,9.620146419474926e-15,5.393843131691116e-13,2.3718119748249737e-07,4.926306713632775e-07,4.3736763256301435e-09,8.439948056193187e-16,1.0832959904987541e-11,1.061043021443012e-13,4.2246842216790265e-08,2.9238453239250534e-11,1.2919114300752198e-11,1.3055334009740403e-09,1.316800996204997e-10,5.91138067322514e-14,5.578610886571637e-12,1.0032304613542133e-11,3.7233911349855077e-11,1.2341590547258455e-13,7.172379778703164e-12,3.2745765675240717e-13,2.5611944299086553e-09,7.424421307066307e-15,4.088040756039092e-12,5.038095290821533e-16,1.4506090281637149e-07,5.488468668250051e-11,1.8342896990876618e-07,1.4753070046351598e-10,5.0727342538977015e-08,6.867855980916469e-12,6.003185810152717e-15,7.470250091007221e-14,7.482680321536286e-11,7.952017938508179e-10,2.697191346743935e-10,4.61051320759836e-12,6.486580351544182e-08,7.340848285412537e-16,7.018214981346968e-14,3.5656161258779884e-15,1.1515813699270632e-07,5.905948943101658e-11,1.524568789007595e-12,5.183925066035619e-10,1.6318251109626792e-13,2.8895374595518404e-09,1.455985950247073e-10,1.8184452266686097e-13,5.791565299274009e-08,8.767742796430115e-15,2.5901107487533198e-08,1.022712973168705e-12,1.157356145868126e-15,1.2300064428244418e-14,1.1812023057276968e-08,3.4192118908310983e-09,1.0774571865305923e-14,4.769283384469399e-09,4.966928909037644e-12,1.9597119385534707e-07,1.2224960239063058e-14,6.877911246370957e-10,7.99861976387148e-12,4.236968507236028e-13,3.683848532522854e-12,3.1242007661361626e-13,8.137279217450323e-14,4.886101425801535e-10,6.145355944319594e-11,1.0483879378900409e-10,1.6556264701935698e-12,5.634422219806e-15,1.537133704649463e-11,4.337332242741863e-12,4.1259038671763404e-13,8.281172378471059e-11,1.1114231226375324e-10,1.61694464541602e-09,3.596347981762778e-14,1.31317653170245e-13,1.7904980794171636e-12,1.4089267325654572e-08,3.4750972501923657e-07,3.883567689105657e-15,9.901062500996141e-08,5.119828120446427e-12,5.245668444132165e-08,5.338550717336553e-16,1.1404996399503609e-15,2.0172490095887903e-13,7.267208612271596e-11,2.5145304833875983e-08,8.664709073925306e-16,1.055679621669954e-11,1.1862150885979742e-12,2.4741429696393046e-13,2.3105909621490765e-07,1.3684861105376274e-07,2.410064206652354e-14,1.6458303929162184e-10,3.39981944814961e-07,2.0909217599265935e-11,1.7084742175647024e-12,1.3722378557615243e-11,5.175780769829901e-14,3.067725751637261e-09,6.643329029626555e-12,1.4441692086814666e-09,1.0413064963532805e-11,1.03268279307998e-09,3.5563569979817295e-07,2.876677673402349e-14,1.7358440394498892e-09,1.4474093466648746e-11,7.392877245182364e-12,3.77213294447012e-14,2.680504120228417e-08,4.991180225809795e-10,1.2849837880000156e-07,1.7544100568236447e-08,1.7645440076913593e-07,1.9487190293925892e-11,3.767591052300478e-07,1.4889949891498023e-14,1.0736419679536034e-15,1.8828024987405017e-11,3.316714470942018e-11,1.3887562287565889e-10,7.034300780160302e-16,3.7842182337942547e-10,3.7710361403444186e-11,1.860385795660766e-12,1.7276174284841567e-10,1.563076804229478e-09,7.698693675224703e-11,1.1245436976190413e-12,1.5124522146510716e-10,1.643652756752658e-14,1.8340101392805474e-15,1.9319408961828004e-14,7.534470368177687e-13,8.170787805621208e-10,3.3303639237623108e-15,1.5634065419124272e-13,1.0075341507665938e-08,1.1091880075235618e-14,1.9895623940353544e-14,4.8583128413718285e-15,1.877701641713195e-15,2.3613248631711667e-08,2.8545131383687483e-08,7.215846897838357e-10,3.986118562863935e-12,6.255172295522968e-16,2.3045327452871535e-09,8.705048088237235e-10,2.645812626185053e-14,4.1297635121769997e-14,5.735877322133963e-13,2.034697629332109e-14,2.1726701529812926e-15,3.843138175615306e-15,9.115432628640635e-13,2.4742832128715726e-12,2.1087610483699807e-08,2.2129673158142608e-08,2.6450777915032783e-09,2.1155920965866106e-07,7.092610245584352e-10,2.851638367752981e-13,2.5976882298645037e-11,8.441592841869899e-09,1.1842461217645616e-13,2.0611652972218042e-13,9.797811862315467e-10,1.680489512670166e-14,9.248856287084533e-08,1.2441945816527774e-15,6.437914248759085e-12,1.1133704349277901e-13,1.911618560370613e-13,1.3649956534586858e-15,2.424265926082637e-10,6.114936077370741e-10,1.832992993160236e-11,4.466144357036476e-15,7.239003594560541e-09,1.0965534270735828e-12,1.5281570562785208e-15,2.9483903699177886e-14,1.6977111525318523e-07,6.6513418188766985e-15,6.451746979028096e-16,2.86008988906989e-07,3.0797669240681743e-15,2.1910660775786276e-13,3.9676443077877e-09,1.6807589025989304e-15,4.54773858083338e-15,3.9808351681229547e-10,2.0090814704269473e-08,1.2571515066516357e-10,5.64871494150838e-12,3.9414338184228713e-13,8.524562058739047e-15,6.406541348470959e-09,9.3658158233807e-15,4.496326158828099e-07,5.191843320862098e-11,4.6596876879294404e-14,2.5455953468969686e-12,2.994921642845355e-10,1.0469686213657679e-07,7.907742893778764e-11,2.3815876725827424e-13,3.780090352723846e-08,1.2225924429836857e-10,9.43009712002158e-08,1.5713150054971874e-07,3.9065366411810305e-07,9.258855207333437e-13,2.258862071207269e-12,6.733401482223049e-16,3.3881260876366825e-12,4.495431808351962e-12,5.4331355124494736e-14,8.718197934246636e-14,1.2429977128727123e-09,4.6865840276423234e-11,1.3964189115444235e-09,1.427041477430128e-13,1.4375887940885758e-07,2.043722487016355e-10,1.57059899514593e-12,4.841562765760578e-13,3.877953478092245e-12,2.843707152681922e-12,9.006160096912584e-14,1.3486893715011577e-14,8.243811824584943e-15,1.614202153504606e-11,4.452944815892047e-10,3.873125752599554e-13,4.10573153930008e-07,4.651812151900403e-13,2.54220379197218e-14,4.372036475359579e-14,7.355199546041946e-16,3.001909235043436e-14,1.0173570992295396e-07,3.073375037397451e-11,1.4484822037425753e-14,5.0985008302302464e-09,3.141476208192403e-08,8.490531473019981e-13,1.1944689383646457e-09,3.2973031595824243e-15,6.796634654150974e-11,5.706330259352285e-11,6.109810256052993e-12,2.1653859151901428e-14,4.061636624888582e-08,2.6463943518616538e-15,6.9729952665566726e-09,4.7213256441753214e-15,1.4878624325745998e-09,1.437813914330096e-13,3.0546334829680986e-12,1.1516325285016533e-10,3.1645985176568524e-12,7.2870868576178e-15,2.6739905452839666e-12,1.678221744896035e-08,5.818920119469357e-10,9.374945524283806e-09,4.003645312198764e-08,1.0746723386318234e-08,1.5476659480369508e-14,2.258265683321426e-10,2.4202446582132032e-15,3.166147531870395e-11,1.1571157666622444e-14,3.079717621121436e-14,1.509876905748708e-07,7.011527593769594e-11,4.761446740264413e-12,1.2198155784641528e-11,2.7303275044244878e-14,1.923518044706269e-12,1.8987519862734314e-08,2.041497239236663e-09,3.28346630099409e-14,4.8344282666513644e-14,6.127846914200025e-09,1.065159040897721e-12,1.002903983138369e-09,2.543833421115548e-07,1.9022770910765267e-11,1.1415993589638639e-11,2.3358181474501664e-13,2.1403415479404736e-13,1.2764753346467541e-12,4.539204083889464e-09,2.0343328450431332e-07,4.068486872358442e-15,6.405367215075918e-15,2.6239682691065984e-10,1.1450500445140178e-13,2.3941986381214492e-11,2.686424413594781e-12,6.501662160639848e-10,3.6486687737360977e-13,3.679577844933903e-14,6.969379893913158e-12,1.460974950346692e-12,1.9831220835243808e-10,7.938947707702644e-08,3.920572164787636e-11,8.360445705110238e-10,7.996513289630871e-14,8.426296353197028e-12,1.4167829197807393e-15,3.726152694656456e-15,2.2952433466064002e-08,2.6522371879206726e-07,9.357278790411687e-10,5.223806356451987e-13,1.341580813786359e-12,2.7639096474564134e-11,2.678288077439828e-13,7.973837452265238e-16,4.784570122815017e-08,6.21349667785945e-14,4.602876973519345e-07,7.613591097803961e-08,1.1369508332413812e-14,1.10965722714246e-08,9.705226434386563e-08,1.9359324545185585e-12,1.3471953872948008e-08,4.33053266332878e-15,7.359588971533267e-14,3.840812698856752e-09,4.957647423411274e-09,4.742904314501662e-13,3.0083869935809634e-07,1.348537128710749e-10,1.9276372355581634e-07,2.3696220745158997e-11,2.5438180943228387e-10,3.629132967768853e-08,1.7683929069618472e-10,9.995364443807139e-14,4.159081004060649e-11,2.66615929281839e-09,1.4137739448349309e-11,6.017397690256699e-15,8.975435551043642e-10,7.861565921148107e-13,1.3027318867354942e-14,5.056962336547125e-13,1.9473288372641868e-13,3.747443291567058e-12,3.1997027170571595e-10,3.257823451279451e-07,8.48450315740543e-11,4.2128048105797405e-12,1.960753368235474e-08,1.766104781744051e-15,2.9355836718075496e-09,5.973119723568663e-10,1.555999142780698e-08
lh,CH4,0,2.5624298332935642e-15,2.096119766763365e-13,6.725691208170984e-07,1.3843328652132088e-08,1.6834313845293996e-08,1.3528418270059857e-13,3.3743903297201587e-08,3.3486514325149166e-11,2.598870336447681e-12,1.7074752492198513e-13,2.375362844259429e-13,1.5058446489214033e-15,1.9924628756621234e-09,1.028092342893452e-15,1.3942839756484576e-09,2.6360519705108794e-14,6.096179830660678e-15,5.824286067904798e-10,2.8803154078543515e-15,5.0167122674629e-10,2.3421468338625415e-11,5.204505148492683e-09,2.872525610768909e-07,7.433260162855508e-07,3.3822707793922603e-15,1.5994236402509104e-11,3.208785096460114e-09,2.0729161152865337e-07,2.461496136917005e-11,2.233941404042918e-08,2.408132559141002e-15,4.745768754615163e-14,3.0631130239441383e-12,1.584926736242107e-13,2.5738648590910743e-09,7.1133658550099685e-12,1.3158350048473868e-15,1.7152592048073975e-12,3.640690508691026e-10,3.0637631227486968e-09,1.8736119001468065e-08,7.496223867055326e-13,2.8671760532253234e-11,4.025324797980741e-14,7.785312760026984e-13,9.964938572066166e-10,1.539309929769654e-08,1.3344330668810281e-11,1.2545543734664927e-15,8.159377216838326e-10,2.5519180004386756e-13,1.776176244471312e-14,2.3017122353593012e-09,6.789419530385125e-09,1.4439134084037228e-13,2.64968756109458e-10,7.052414903369187e-11,5.281293371019934e-10,8.113561981426679e-11,2.5434184106238663e-10,4.445243874677998e-10,7.661973257450982e-15,2.4571098550380605e-08,5.957981059875004e-07,1.1794543907697946e-07,6.002504448390179e-14,3.380299318344781e-10,1.3564136976498171e-10,5.0052748566530695e-12,1.3643113188344696e-07,2.951792129594063e-11,1.194537752511743e-09,1.655649096309419e-11,8.862200670795864e-14,1.3332054021775158e-07,2.9912735214164456e-13,1.4765607483859343e-14,1.9521134542326338e-14,8.653525340397181e-07,1.3375882120511517e-12,8.759220279069506e-10,3.556256372660886e-15,1.676389586059861e-09,1.0163204112929004e-08,1.0438475242547022e-13,1.1477444641161111e-10,9.647102368257816e-14,3.889067340404933e-15,1.1994252536736234e-15,2.18481314542718e-11,1.0845391382430417e-15,5.432607653185856e-10,5.101717901486992e-12,4.893094772662683e-15,9.048800012453421e-11,2.1995046484702406e-10,6.628234920282822e-13,4.0838026082299865e-14,4.502983169900837e-09,4.817217890770123e-10,5.2419667493938e-14,2.1561645329577786e-12,5.3448892164461775e-11,3.0221193144989554e-07,2.6018295302418324e-15,7.859180326214792e-08,6.708911956555927e-12,9.111808072423995e-10,2.3890699199000956e-09,3.6634007485411424e-07,4.27795916710632e-09,5.596436480758061e-11,5.8448173263714275e-15,6.663790397957913e-15,1.43510856441006e-14,6.461279915417142e-13,3.7979456765004635e-12,1.0292920798324493e-11,1.0232225062996716e-12,1.4845110090993539e-08,2.6540300402284213e-13,3.82133557418644e-09,4.138021332879735e-09,3.2108428542179556e-12,9.919666485793565e-14,5.54140231431261e-13,1.2397287751774995e-07,6.205382826226189e-13,4.697756523004533e-09,3.166216347394117e-13,5.924587289987725e-15,9.322968960484184e-08,1.3460820680061974e-15,4.513643213541641e-13,4.658949433316127e-12,8.708222228969678e-10,6.12433884292719e-11,5.996505263822006e-13,1.6509522210418535e-14,6.400143293281592e-14,1.3898048494395471e-13,2.3844570006881e-10,1.1721981564101355e-13,2.0855704523165607e-09,1.7653831321458745e-07,3.4711681380651163e-09,8.458558701396423e-07,2.1517351200326985e-09,1.0025981184300006e-12,9.456746674707697e-11,4.3312869355660806e-13,3.551464526929066e-14,9.888138880051086e-13,1.2819361535719249e-11,8.690247901045093e-08,5.541556608321525e-09,1.4228364881299222e-09,6.423454620586172e-09,1.6503202755547332e-12,4.214664998313573e-14,6.706787767825147e-10,4.689548952721115e-11,4.828783034615579e-12,2.3222716323475022e-07,1.6188025942037476e-11,6.039935190499523e-12,3.5290958537782327e-12,1.8283977580274492e-09,1.302451959667367e-13,1.9452263337172693e-15,1.2699172878541904e-13,1.8087398448047852e-13,1.0717816647207172e-09,3.70247364091762e-13,2.4753053261777673e-13,1.1390759305018964e-13,1.912857368221629e-15,3.2922009969263737e-13,4.09801211237027e-12,2.8348007761751855e-13,9.914923759941755e-12,3.2458686532001005e-08,1.810672758159356e-12,1.1627179474975441e-12,1.110197734711927e-12,3.5561735497235865e-13,9.670632562049934e-10,7.344614798054358e-14,5.688266589813376e-10,6.944125539324312e-12,1.7696128125386546e-11,1.929531084144749e-09,3.063258273400843e-13,3.124467785460275e-10,2.2199296646382717e-07,9.336200198976409e-14,1.389197226256812e-11,1.7476875117731502e-09,1.3475930093309957e-08,1.4755531273135145e-07,4.3655714042562246e-08,4.339251388512079e-12,1.3709413872550285e-14,9.573487325535889e-07,1.0447969477657506e-09,7.496146608153713e-07,2.7896999100907253e-15,1.745981427253141e-10,1.2151269016748254e-11,3.5187935781585126e-09,2.3561819256696117e-11,7.950111196509013e-13,1.3782681060736908e-07,8.762811435970488e-12,3.9811756471346895e-07,4.887575380380725e-10,7.563638000358294e-09,1.755217481538928e-08,3.025298660165858e-15,2.0974028992006656e-11,1.5143128355721756e-15,1.0358152242656936e-08,4.370510134743032e-12,4.8414074184102045e-11,1.515971343544734e-14,5.69282083432784e-15,2.511203415388152e-10,7.100840718559568e-07,7.74860663403535e-12,8.329376015913429e-12,2.3847442250404905e-14,6.964619285862777e-14,4.114191474176175e-08,1.0943142912007877e-11,1.7174640004146612e-15,4.4603009796777315e-15,3.457560079397608e-08,7.956674677486465e-09,2.9779965692918803e-12,6.349958269556314e-10,3.312855704305866e-07,1.0997828913366202e-07,4.5335751773584034e-14,3.4713635140662036e-07,8.276952280317909e-11,1.806854185592501e-09,7.7343924740757e-11,8.504220417081368e-09,8.932300507525625e-12,5.195691966253696e-07,7.609233782982545e-14,3.410201932778082e-13,5.5030820600108456e-11,5.2168486817848205e-15,1.6370838651334534e-08,7.974442920104598e-07,1.6208325184826533e-08,1.2449610772428611e-13,2.9253657948712264e-07,1.823971877716457e-07,1.026084492516836e-10,1.2575043278190895e-14,4.2817743160011235e-13,2.4765761327560346e-07,5.165217657754114e-08,3.047616215782922e-08,7.816923758450858e-14,2.2151410179964676e-13,7.83602678674242e-07,3.523919982446647e-11,6.275022405903075e-08,3.3249481011141097e-12,8.642472943001548e-15,2.0949206147246193e-08,1.5753667953285544e-12,4.949418728802962e-13,2.2281354509696035e-12,5.185994241363992e-13,1.8771011520706077e-14,5.130143345477928e-11,2.450746128060649e-13,5.466352233026915e-12,1.1939808195406667e-14,1.1282132255578622e-12,8.148851786435197e-07,1.1406524848814166e-09,2.0109317727568256e-13,2.0175650736187263e-11,6.690180488162478e-11,1.1105006820568625e-09,7.663029721116947e-08,9.00656465480441e-13,6.115408700112927e-08,6.049254510287036e-07,1.1281163861269052e-07,2.1618477445381416e-13,1.685421076099137e-07,7.070859284696126e-15,3.7583480046361225e-11,3.940794497533402e-09,1.9288930002596434e-11,3.46329681407889e-14,5.707604577037741e-13,4.2597707471036694e-08,3.8885724781928974e-12,2.193617150138961e-09,4.611045655240212e-10,1.6255215505992908e-07,1.806586825029534e-08,6.5220497773290136e-15,3.33952724508857e-14,1.4430820171346692e-12,8.420187267336894e-15,2.6212639819328672e-08,6.314211393196507e-07,1.4295879326230394e-07,2.53212780805604e-07,6.554981476314959e-09,1.4850821914638995e-13,9.806153748119455e-07,1.776560422461047e-13,1.9163424229885296e-07,2.2884146405357224e-08,5.928078201210093e-13,1.6745017351809209e-15,2.0272356983950847e-15,2.3027593953371174e-15,2.8565147717924175e-13,2.51372097716483e-11,5.893994407832895e-12,1.2795595815110963e-12,8.383524605102118e-13,4.1995877697544154e-15,3.0486676776799667e-10,4.697545513388148e-15,6.272868107146292e-10,3.1870049241929292e-15,1.6225087787508986e-12,1.4193293624068269e-15,1.0929167544478279e-13,1.792263145699993e-15,5.7919305170709446e-12,7.756411076119551e-15,4.185726791630399e-10,9.068727826027363e-13,1.693114051161457e-10,2.7175179210708106e-08,3.678550503476956e-09,5.342789116129688e-09,2.2713678917610407e-10,2.5260994154755345e-14,1.9580163549358627e-12,2.8995157501994695e-14,1.4956343310676942e-11,1.1169263046293855e-10,5.536034996392863e-07,7.501871115534169e-10,2.8660054836743086e-08,4.337990242831994e-09,2.5124175028274087e-09,5.3021217079922874e-15,1.4993297244721923e-08,5.5994755169060666e-14,8.181154723750309e-08,6.445185035674808e-12,7.604692537269906e-08,1.672554660649069e-14,1.4450654905414798e-11,4.296070910873766e-14,2.1325003543487537e-12,1.170352489995537e-15,3.2204545019878503e-11,3.584278611734749e-11,4.297791715592559e-15,2.6663738589009584e-07,2.6438541776870226e-12,1.0721579051174541e-08,1.084637631799574e-07,4.954677752314416e-08,4.207130631106781e-11,6.419185446070159e-11,1.2146288948348344e-14,2.777397070090063e-12,5.970141871522854e-08,1.3040243358816361e-08,1.635019043532442e-13,1.524567663336775e-07,5.054785354414356e-13,4.081075486041482e-15,4.511982648250821e-08,1.341954390179357e-10,3.5532460734562863e-10,5.723402137881661e-14,3.9821118051209805e-15,8.411677583625678e-12,2.2138078539024527e-15,5.537494507531797e-08,2.3845366008091453e-12,9.140506687636267e-07,4.0588423350664053e-10,5.0850179835975066e-15,9.397519461155968e-10,3.397681996592868e-07,3.781646664337577e-15,1.5273357281477075e-10,1.2706795401402857e-08,6.215825825104486e-12,3.2422121255104943e-14,3.9678943526327365e-10,4.914215221746199e-14,1.6347408731410706e-15,6.042488587682672e-10,1.1278033630958985e-15,1.4241095154336418e-08,2.763136287150622e-11,7.620724721428538e-10,1.4852008435984772e-12,1.43164668473968e-10,3.8431429828342e-10,1.0866436960249377e-08,8.721146444041214e-15,1.3264420994414211e-09,9.444504447442033e-11,2.9824899107819017e-15,2.0685702533776533e-11,1.3140173845084339e-09,1.594293855195902e-07,1.888855772350816e-07,1.0746108823720725e-10,8.084196008866281e-13,1.6431550171362365e-09,1.0599771084622147e-11,7.005127071613627e-13,2.7095916239494682e-11,1.4045137380854131e-10,1.9092844241932586e-13,3.782847483551406e-10,2.1520874396198567e-14,4.537122209650547e-07,5.314064837433953e-12,1.124560350797783e-15,8.920796424706808e-09,5.818378885003511e-11,3.425697837104613e-13,1.991351986049062e-08,4.807585793187858e-09,6.881588442998421e-13,2.268701397296819e-14,1.5281922530957811e-09,2.0298614490048638e-12,2.7153177217833314e-09,4.777059820975148e-07,2.433028779831769e-12,2.933642611733047e-10,2.0080239610494094e-09,3.662674146068024e-08,2.07210199075491e-15,7.328595294287887e-11,6.55403884977641e-08,2.3796543798925036e-09,7.288043311924597e-09,8.665813888503835e-11,1.839784549597862e-15,1.8822205711814545e-10,1.2464582332076165e-11,7.95787171884556e-15,2.1690833679535875e-07,9.06460217241398e-09,9.341088890089658e-12,2.2965653516870314e-13,4.012735141217274e-07,2.790421868567867e-14,2.748830471611562e-10,2.738911826048896e-07,2.5735984279083893e-11,1.3389909851775723e-14,3.8806305568523573e-13,3.5688256985609123e-07,7.057640231755441e-10,1.4824354889492203e-09,2.2284763051704457e-14,1.8672463405470606e-10,1.3076582003347922e-14,4.589213933249825e-11,2.342625911746114e-08,1.7757833095298504e-10,3.614007135187452e-08,3.867058939022479e-08,1.8829255871313266e-13,2.0822086135047916e-14,5.7038689830787784e-08,3.762098481931735e-14,1.1928461023941452e-10,3.7820470375916037e-07,2.8529347048423803e-12,1.0006957463070002e-11,4.8077040588640445e-08,2.485215244853343e-15,1.1829022525537018e-08,9.241429805368547e-14,6.644146850352775e-10,2.0132529166094545e-10,7.078748553199788e-09,6.31251667479818e-15,1.0065362431946815e-07,8.497731779534862e-11,1.043063191725533e-10,1.3976209221684363e-12,2.079713169814993e-10,1.5720928256745886e-10,3.44906309834447e-11,4.652067838927771e-13,4.343971144634756e-07,8.673383771149719e-14,6.184484305236308e-14,2.7860572667553847e-09,2.9557108250083928e-12,4.195978724449862e-12,1.9488674808719e-12,2.1242646930836418e-07,7.918422955788984e-10,1.524393335426342e-13,3.7261775778133414e-12,7.893402507344017e-12,1.040699489776706e-13,7.243484461393786e-08,7.325929131971094e-12,5.820321904176982e-14,1.9578646903251272e-10,1.2834367867047954e-07,2.8098111012282e-08,5.425214648854904e-08,2.6083323211700646e-09,7.171596746860679e-13,3.4217390516260284e-12,6.882662382156577e-15,6.049946624995163e-09,3.316245890396251e-10,2.7023921817846238e-14,2.1106188139593708e-15,1.0093057617179681e-14,4.033351491289339e-11,3.9684156077019393e-13,7.276829474725349e-10,2.7103899800803544e-13,2.339006902619204e-10,2.9178672761295366e-09,5.0822435728689056e-09,8.329113768424859e-08,7.584004802577338e-11,3.1499351601466466e-15,1.5191405081024998e-11,6.518271776013734e-11,3.583555555185442e-15,3.054034200902172e-11,2.0199751429252444e-08,2.1439308740699534e-08,2.5055400659645652e-08,1.1394110370830436e-14,9.276040617581754e-15,8.944386337040715e-08,1.1077684991612849e-14,2.672832672057779e-08,8.354024666765183e-14,9.69430698180383e-15,5.8305551599107684e-09,9.864738195706098e-08,1.5952965042090195e-14,1.576829172295109e-15,2.1598164153656228e-10,5.358610585308683e-14,2.2331889527013965e-11,8.670694169429783e-13,2.2891462145305915e-15,6.519893700719001e-07,3.815099610899699e-08,3.1487763805261184e-14,5.063041131238172e-14,7.5844583334532e-12,2.838414631994166e-10,5.694941205947364e-09,1.5164354786793998e-10,2.6781121133905227e-10,3.1280545701439516e-07,5.347353361778777e-13,8.445627159576496e-10,1.2353529854843079e-09,3.9574967133980626e-09,1.2557493490388838e-10,4.059171893199338e-08,1.94799301722422e-13,1.8320727180311697e-11,5.442447226119412e-15,3.133574888439591e-11,7.524474896390494e-09,5.2763210376614706e-08,9.474051979370193e-09,9.238299007780442e-07,2.952756798455317e-09,2.4714812827806824e-14,2.0219226287709855e-14,9.938415728926825e-11,1.218962342872811e-08,1.1883934092852617e-07,3.9291970969884035e-11,2.374104867656202e-14,1.5590901576541793e-14,5.643900584461142e-12,6.56702216614343e-08,6.821435929728453e-07,4.6622343990263053e-07,1.5363332891856136e-13,1.8886919937405716e-11,6.801973917730547e-08,6.507126198841391e-14,2.329885887962014e-12,3.6335702100615886e-14,8.685287617358333e-09,7.465065604096153e-15,1.2268479392936289e-12,9.845962124888854e-09,2.4987883460038375e-12,1.3024847047687314e-10,1.173260360691718e-08,3.178649575279448e-09,3.869264074134489e-11,1.7285484320977746e-07,1.0811957560444025e-12,5.057674353191365e-07,5.184991502911834e-10,5.322185084765994e-07,5.824368522528352e-07,6.850486725908497e-11,1.2695565546621345e-15,3.631610581114625e-12,1.859812061232646e-12,1.021428070610077e-09,1.4358314133233882e-15,1.9889579588101242e-07,1.0396460204705886e-07,1.204675571817477e-10,8.134807126034389e-14,4.280596393343814e-11,3.152066725765263e-08,1.3588535713342662e-11,1.612071565204047e-10,1.1175687066098002e-08,3.304949366628379e-09,3.3611633291354275e-15,1.0564140697693425e-14,1.8635713336122182e-14,3.874359143809349e-14,2.9528352100741173e-08,4.367069478826139e-07,1.3207014029091383e-12,4.148143218348163e-07,1.1801603048077723e-13,4.480341976212221e-11,4.847911055784547e-13,6.301549904553859e-09,1.0393556161480886e-15,9.396355599558934e-08,1.7322722476032144e-14,4.619695412582797e-15,1.183447827758718e-12,4.639048228670132e-14,2.7069844347342573e-15,7.129303087898019e-14,1.5331534790735511e-09,1.5127155088178898e-12,2.594580831372533e-07,8.98492019354775e-15,6.017555675500141e-11,1.1431882426581485e-11,4.945528527380217e-11,3.7312225854368633e-13,1.174328454722327e-11,9.367334298485827e-13,7.014418018045219e-08,1.5869849572981587e-09,4.395378305819443e-10,4.6398456618069654e-08,3.2221645307165293e-07,3.012263213164625e-14,4.53462418070511e-12,1.0779693904162274e-14,9.395092552857123e-12,4.875829830497827e-09,1.277493111634109e-09,1.7753343149515028e-12,1.7157990104572902e-11,2.3903789460723515e-07,8.181015921910314e-09,5.447446470230067e-07,4.104391870002657e-13,2.946443054353831e-14,3.261114714553112e-10,1.9280658909137346e-08,9.93506040715651e-15,6.699382991265096e-14
