index,APINENE,BENZAL,BENZENE,BUT1ENE,BUT2CHO,C2H2,C2H4,C2H5OH,C2H6,C3H6,C3H7CHO,C3H8,C3ME3CHO,C4H6,C4H9CHO,C5H11CHO,C5H8,CH2CL2,CH3CHO,CH3COCH3,CH3O2,CH3OH,CH4,CO,CYHEXONE,EBENZ,ETHACET,HCHO,HEX2ONE,HNO3,HO2,HONO,IC4H10,IC5H12,IPRCHO,LIMONENE,MACR,MEK,MEPROPENE,METHTOL,MPRK,MVK,NC10H22,NC11H24,NC12H26,NC4H10,NC5H12,NC6H14,NC7H16,NC8H18,NC9H20,NO,NO2,NPROPOL,O3,OETHTOL,OH,OXYL,PAN,PBENZ,PETHTOL,PXYL+MXYL,STYRENE,TM123B,TM124B,TM135B,TOLUENE,TRICLETH
0,6.518535714285717e-11,1.3277157894736836e-11,1.5263069956686518e-10,2.8867968304876472e-11,1.9754859813084117e-11,3.5175490106866597e-10,6.211130684066573e-10,6.986601209136335e-09,5.356289421767762e-09,1.9042716909387507e-10,1.287651376146788e-11,1.7880596030453279e-09,2.5090089285714297e-11,3.8722847765801335e-11,2.2167321428571427e-11,1.884710280373832e-11,2.9570771625970215e-11,4.0301250000000036e-11,4.386433284634172e-09,2.2769101494030893e-09,9869371.165882353,3.209488105864943e-09,1.8622009569377983e-06,2.318007827777779e-07,1.59612e-11,8.296798876076504e-11,4.1981428571428565e-11,8.054961623001416e-09,3.3535446428571416e-11,4.668912037446789e-10,3734834.4067254905,4.717938519242528e-10,6.460366562864007e-10,7.501369208662005e-10,4.4142499999999985e-11,4.481428571428574e-11,2.287018431833186e-11,5.962428571428569e-11,5.0787222822950106e-11,1.6922475247524753e-11,2.5936160714285723e-11,1.630958277493905e-10,1.3303107142857138e-10,2.0586160714285715e-10,3.111347321428571e-10,1.2456445354689943e-09,3.7053211536263497e-10,1.0303831133901262e-10,6.339270914062237e-11,2.5070493237037766e-11,1.5446633928571423e-10,2.6928416498158035e-09,1.5010712197321092e-08,2.374143100591161e-10,2.0682184620334616e-08,8.512448979591839e-12,143715.61152941178,7.258767198784342e-11,5.7075396825396826e-11,1.0785514018691585e-11,1.9494017857142863e-11,1.2144060341860924e-10,2.943687499999999e-11,6.289175257731959e-12,2.011500000000001e-11,1.3806923076923079e-11,5.086343065408075e-10,1.2358839285714295e-11
1,6.926741071428571e-11,1.3776966292134835e-11,1.4873075910298904e-10,2.718798005758029e-11,1.534980952380952e-11,3.2843113738947913e-10,5.691126621930048e-10,6.548859887649312e-09,6.332788059114157e-09,1.7391168850383322e-10,1.0145555555555555e-11,1.9740987833189443e-09,1.960258928571428e-11,3.692834137480417e-11,1.777642857142859e-11,1.463238095238096e-11,2.5471491753949623e-11,4.1933125000000005e-11,4.444910445367054e-09,2.242757314774364e-09,15770049.638554217,3.2540970340503184e-09,1.8745627784194017e-06,2.1906975851173375e-07,1.2515789473684213e-11,8.470042934400747e-11,3.300044642857145e-11,7.494577333333335e-09,2.6949821428571453e-11,4.442593615577518e-10,4288980.5666867485,4.5744538677043816e-10,6.512176701846255e-10,7.313594970141676e-10,3.654348214285717e-11,3.493571428571426e-11,1.906766191078515e-11,4.974526785714283e-11,4.712357599825977e-11,1.6017735849056597e-11,2.044732142857143e-11,1.6420529754848737e-10,1.4325241071428564e-10,2.1420214285714286e-10,3.3504026785714285e-10,1.2613577210165012e-09,3.624004818745771e-10,1.0612583439371601e-10,6.73725807728707e-11,2.6268591347556563e-11,1.6633517857142868e-10,1.6167658983528114e-09,1.3317122333173278e-08,2.48690040476927e-10,2.0488729784427285e-08,7.331555555555557e-12,221903.92493975902,7.488842908073349e-11,5.264558232931727e-11,1.2523809523809521e-11,1.4385818181818179e-11,1.2394132880401687e-10,3.062991071428569e-11,6.624731182795696e-12,3.1218971962616824e-11,1.2922941176470585e-11,5.188006030944173e-10,1.2859553571428583e-11
2,5.956633928571427e-11,1.4096736842105266e-11,1.399359047539293e-10,2.584244113809129e-11,1.3058691588785057e-11,3.377877635165951e-10,5.416535298537312e-10,6.0321268226624126e-09,6.6457434190977786e-09,1.5853460265223571e-10,8.649821428571425e-12,1.9824188062884155e-09,1.7300892857142864e-11,3.056851033314428e-11,1.5934017857142864e-11,1.2442149532710282e-11,2.2677232755742517e-11,4.099258928571431e-11,4.43526852207441e-09,2.178913472749528e-09,15545796.905,3.2709993700215516e-09,1.908204091734039e-06,2.1330550605004787e-07,1.054625e-11,8.288497744346196e-11,2.923339285714287e-11,7.260155922865015e-09,2.4187499999999994e-11,4.3737510935816815e-10,4791444.615,4.6555012306190797e-10,6.271941965337753e-10,6.883541381534939e-10,3.3356250000000015e-11,3.079116071428571e-11,1.6935518567469335e-11,4.560098214285718e-11,4.298887028826502e-11,1.2779479166666662e-11,1.814553571428571e-11,1.6444036735661459e-10,1.394353571428571e-10,2.0939624999999994e-10,3.2611285714285705e-10,1.1962254783965985e-09,3.4173343353843024e-10,9.544383348969174e-11,6.776485715343231e-11,2.5639394263455904e-11,1.6190330357142875e-10,1.4858742543678018e-09,1.2705142811556288e-08,2.524739528717725e-10,1.9764284065315315e-08,8.432446808510644e-12,260490.78444444446,7.102422779438208e-11,5.169007936507938e-11,1.2815151515151513e-11,1.613281553398058e-11,1.208734516460277e-10,2.99425e-11,5.508977272727273e-12,1.4758627450980387e-11,1.018050505050505e-11,5.114746333484651e-10,1.2571785714285727e-11
3,5.241383928571429e-11,1.4922282608695657e-11,1.4860638742532563e-10,2.72641015250002e-11,1.0974752475247527e-11,3.6282012848855936e-10,6.061329914663515e-10,6.309424198379566e-09,7.557053844530575e-09,1.7166992655735904e-10,7.291574074074071e-12,2.1841966966792828e-09,1.458305555555555e-11,3.060139874118292e-11,1.3761111111111114e-11,1.0448118811881188e-11,2.395448722798548e-11,3.855883928571429e-11,4.89627757965831e-09,2.1763204736771694e-09,11613067.220930232,3.4995265921221696e-09,1.9271654842435246e-06,2.1777469977091327e-07,1.0150641025641027e-11,9.234819750510248e-11,2.4785833333333334e-11,7.585866666666663e-09,2.0926018518518523e-11,4.352516879366129e-10,5308581.47383721,5.15721167784802e-10,7.033855773900323e-10,7.269103108238291e-10,2.888169642857142e-11,2.5899259259259262e-11,1.805239094913183e-11,3.9784107142857184e-11,4.573849120298285e-11,1.625227722772277e-11,1.5427592592592577e-11,1.996854044529507e-10,1.2812187499999992e-10,1.9696455357142849e-10,2.996539285714287e-10,1.2850363518863788e-09,3.606901760905652e-10,1.0062942170740675e-10,7.72137851986705e-11,2.5517610658484122e-11,1.4876705357142856e-10,2.4295743972370427e-09,1.3653887841150669e-08,2.7386420988482364e-10,1.7681437234395115e-08,6.168426966292136e-12,171391.90510240968,8.046753751500128e-11,4.789186507936508e-11,1.1061428571428565e-11,1.524730769230769e-11,1.3672132308149928e-10,2.816499999999998e-11,5.441686746987954e-12,2.7218599999999987e-11,1.114939393939394e-11,5.616677973535984e-10,1.1825803571428583e-11
4,6.0964375e-11,1.772393258426968e-11,1.6390410377793244e-10,3.055645267345811e-11,9.588599999999992e-12,3.9642262057985263e-10,6.657927761503515e-10,6.4924162289978394e-09,8.844508044124594e-09,1.9149550877149171e-10,6.389816513761466e-12,2.535526306611152e-09,1.2569369369369377e-11,3.152164169687945e-11,1.2150090090090092e-11,9.122799999999999e-12,2.714595073379949e-11,4.034116071428571e-11,5.208904061990488e-09,2.228320617236364e-09,9853924.881309526,3.5435775816603e-09,1.9625763075400095e-06,2.2215371995090998e-07,8.756363636363637e-12,1.0331431503102394e-10,2.1491441441441445e-11,7.755716518641176e-09,1.8509999999999996e-11,4.416627265091918e-10,3851559.8541666665,5.437332390462251e-10,8.093379741424901e-10,8.410820028543268e-10,2.6653214285714288e-11,2.227459459459459e-11,1.656242904701121e-11,3.688535714285714e-11,5.1242284954280974e-11,2.3811442307692326e-11,1.3413963963963957e-11,1.9556988834714482e-10,1.3306526785714285e-10,2.0606553571428587e-10,3.112166964285715e-10,1.4689203219570003e-09,4.1870743517097755e-10,1.2114383663463088e-10,8.683222377693014e-11,2.669776903756966e-11,1.545070535714286e-10,4.36288753515837e-09,1.5481930763745826e-08,2.981373692663328e-10,1.4510181236003865e-08,9.828636363636361e-12,103845.68237500003,9.12735324766716e-11,4.321566265060242e-11,1.1296504854368923e-11,1.557858585858587e-11,1.4973109589063858e-10,2.946598214285714e-11,6.395934065934069e-12,2.4099702970297016e-11,1.5187835051546405e-11,6.327518437743565e-10,1.2371428571428575e-11
5,6.02832142857143e-11,1.7847954545454548e-11,1.7123314906881586e-10,3.2962629325581863e-11,9.482783505154631e-12,4.169258360931844e-10,7.396771208507121e-10,6.5949475855072145e-09,8.705015659189151e-09,2.1168888005496803e-10,6.370380952380956e-12,2.869037894018647e-09,1.2307339449541296e-11,3.372129308874327e-11,1.1940642201834865e-11,9.021134020618556e-12,3.915096074936273e-11,4.19467857142857e-11,5.312241926897939e-09,2.185758055886477e-09,5410721.04,4.25889809735916e-09,1.9673568718033323e-06,2.3306179051604413e-07,8.157974683544304e-12,1.0463050714228292e-10,2.1062752293577975e-11,8.371549333333335e-09,1.8195137614678895e-11,4.5294104853429185e-10,2361346.3600000003,6.183982484222228e-10,1.0553500049211449e-09,8.843351122221189e-10,2.5993571428571435e-11,2.1804128440366963e-11,1.7587209402150126e-11,3.602919642857141e-11,5.921998321034514e-11,1.7457500000000008e-11,1.3152568807339458e-11,1.8947798148064073e-10,1.3850812500000007e-10,2.1427098214285715e-10,3.239450000000001e-10,2.1328952561600513e-09,4.4261075073914757e-10,1.27817928696392e-10,9.094194772926036e-11,2.7813425013389823e-11,1.6082607142857144e-10,8.657969084032008e-09,1.8157594699603315e-08,3.0356710313195165e-10,1.3123377384652501e-08,9.317789473684209e-12,46362.991691358024,9.640408871561779e-11,3.905238095238094e-11,1.0561473684210524e-11,1.765430000000001e-11,1.5323385937112092e-10,3.063892857142857e-11,7.401374999999999e-12,3.32384e-11,1.6549320388349522e-11,6.569763283579705e-10,1.2863928571428583e-11
6,9.00010714285714e-11,1.962755555555556e-11,1.8343045717109774e-10,3.35807851017921e-11,1.225775510204082e-11,4.6530908539977647e-10,8.381548440408945e-10,7.087553465241013e-09,7.018874510955424e-09,2.450350890087748e-10,7.863644859813081e-12,2.767135639359061e-09,1.505928571428571e-11,3.098479760213954e-11,1.4142232142857148e-11,1.1674591836734695e-11,6.417674042669675e-11,4.4113839285714293e-11,5.271944575732106e-09,2.1565576158824347e-09,13674132.063766234,4.474824932472047e-09,1.9398944068635553e-06,2.535166384171455e-07,1.1378831168831175e-11,1.0746221668160199e-10,2.5565982142857148e-11,9.25714778911565e-09,2.149794642857143e-11,4.456103414432711e-10,1953791.2089870137,6.018282565765275e-10,1.1697298309300504e-09,8.873184412453392e-10,3.025348214285716e-11,2.6757410714285688e-11,1.7488357551903804e-11,4.156714285714284e-11,6.556068030977537e-11,2.0660092592592583e-11,1.5904553571428558e-11,1.8288611923858214e-10,1.450033035714286e-10,2.2533839285714267e-10,3.3913812500000005e-10,2.3643541930676633e-09,4.4041910141113154e-10,1.2404486500817777e-10,8.737648553736639e-11,2.848675587142758e-11,1.6836955357142865e-10,9.854458424989423e-09,1.952250980379321e-08,2.9649881052582055e-10,1.3532800963642213e-08,8.578999999999997e-12,296684.77897260274,9.993621229262118e-11,3.786425702811244e-11,1.1886442307692305e-11,2.0183883495145643e-11,1.5723898382228156e-10,3.222223214285715e-11,5.636585365853658e-12,3.405431372549021e-11,1.8431538461538477e-11,6.712011246136303e-10,1.3529464285714294e-11
7,1.180566964285714e-10,1.959241379310345e-11,1.8712090956496536e-10,3.371211893606733e-11,1.3935794392523366e-11,4.976589277303631e-10,8.97166661071289e-10,6.415844454514098e-09,5.306337764033173e-09,2.6200652625539784e-10,9.464074074074067e-12,2.536007593865789e-09,1.875963302752292e-11,2.932933355485637e-11,1.7102293577981648e-11,1.327943925233645e-11,1.0397225663851426e-10,4.952187500000001e-11,5.161829445908478e-09,2.278201357919371e-09,15143955.320987655,3.772969186300994e-09,1.8964298859035708e-06,2.5878090248682947e-07,1.1275979381443303e-11,1.0763124629523209e-10,3.162091743119266e-11,1.1088533183113183e-08,2.5938532110091735e-11,4.837631939356308e-10,1681197.0987654321,5.727261103123207e-10,1.1367810650569474e-09,8.901841593618681e-10,3.4688482142857137e-11,3.341871559633025e-11,2.0857481676745426e-11,4.7333392857142845e-11,6.654765257391116e-11,2.3045420560747666e-11,1.960495412844036e-11,1.7395265151451385e-10,1.6103874999999996e-10,2.5296482142857125e-10,3.7664044642857186e-10,2.2335448430847507e-09,4.344413030283199e-10,1.1694969877315007e-10,8.337179693500865e-11,2.943102039643808e-11,1.869882142857142e-10,9.481123391799269e-09,1.8505086591330264e-08,3.030111684629108e-10,1.636948041452167e-08,8.799700000000001e-12,443185.2838157894,1.0665230418874058e-10,4.232559523809524e-11,1.572689320388348e-11,2.143182692307695e-11,1.561552157556805e-10,3.6172410714285695e-11,7.2330526315789374e-12,4.3088240740740777e-11,1.9597383177570093e-11,6.468956289289227e-10,1.5188303571428582e-11
8,1.2544678571428565e-10,1.558061224489797e-11,1.7735904643982597e-10,3.496523089289071e-11,1.6478932038834952e-11,5.211080259257634e-10,7.914291617307448e-10,5.403504089077862e-09,4.010106097233416e-09,2.4760085561157546e-10,1.0714859813084122e-11,2.2899713442517926e-09,2.1429813084112138e-11,3.0809039633734535e-11,1.92381308411215e-11,1.571300970873786e-11,1.461802540726734e-10,4.8862500000000015e-11,4.867753482981756e-09,2.2637676153660706e-09,27971892.034090914,3.127733414752191e-09,1.8609290271132388e-06,2.4746396216337105e-07,1.4036888888888883e-11,1.011167306272448e-10,3.5989719626168236e-11,1.0285365578413833e-08,2.9141775700934575e-11,5.420818091931716e-10,2724317.4227272724,5.071993509380221e-10,1.1867012953823456e-09,9.135727689434557e-10,3.7760714285714283e-11,3.8223177570093424e-11,2.06498737540035e-11,5.1326517857142844e-11,6.583943133430215e-11,2.4069038461538442e-11,2.2273177570093447e-11,1.9568756906767065e-10,1.562662500000002e-10,2.495949107142856e-10,3.6547767857142855e-10,2.298206420200069e-09,4.150959930773522e-10,1.0797495218141833e-10,8.109947172266479e-11,2.7996686057637024e-11,1.8144633928571428e-10,7.382002402013469e-09,1.5816393420800585e-08,2.744098606549484e-10,2.1424825851297724e-08,9.677722772277226e-12,556275.3987678571,9.197129509965007e-11,5.2435140562249016e-11,1.63455238095238e-11,2.1284095238095246e-11,1.4346628297679604e-10,3.569008928571429e-11,8.900000000000003e-12,5.21349541284404e-11,1.60345283018868e-11,6.010138340551933e-10,1.4985714285714293e-11
9,1.3456919642857149e-10,1.6132352941176467e-11,1.526697878084165e-10,3.4864771274722686e-11,1.598650943396226e-11,4.311587560685766e-10,6.939926624391949e-10,4.702928237828305e-09,3.037310981408487e-09,2.229677448481674e-10,1.0613333333333333e-11,1.8799115010695462e-09,2.1225462962962964e-11,2.5646978559585982e-11,1.9074537037037048e-11,1.5241320754716986e-11,1.6424662866347055e-10,4.253758928571431e-11,4.41296874076515e-09,2.3758178797847774e-09,35959967.75842697,3.2036078380586875e-09,1.8441307814992048e-06,2.3965931515393513e-07,1.2313823529411761e-11,8.92365117323118e-11,3.5655740740740735e-11,1.0385152263374493e-08,2.88975925925926e-11,5.911045113887459e-10,4925378.185393258,4.6096113045502445e-10,8.9595012745406e-10,9.561125633095024e-10,3.7750446428571456e-11,3.785518518518519e-11,1.8704153913568946e-11,5.1313214285714273e-11,5.945286820315352e-11,2.6135192307692292e-11,2.2070092592592584e-11,1.8619228843823862e-10,1.438411607142858e-10,2.172882142857146e-10,3.364174999999998e-10,1.8640392791475637e-09,4.016221290076563e-10,1.0619720890131918e-10,7.693542231356188e-11,2.6020173135752327e-11,1.6701830357142856e-10,5.129074654687892e-09,1.3187628728314847e-08,2.5798036415939403e-10,2.5945947639961402e-08,1.2305212765957446e-11,868498.0196629212,7.726025235116848e-11,7.407590361445783e-11,1.9852019230769242e-11,2.4548653846153848e-11,1.2200187366822796e-10,3.1071071428571413e-11,1.0002061855670102e-11,4.018990476190477e-11,1.686948453608249e-11,5.13185408035258e-10,1.3046071428571434e-11
10,1.5122669642857144e-10,1.6197722772277226e-11,1.410250453026109e-10,3.366963122318424e-11,2.173303571428573e-11,3.8226473441784707e-10,6.821562306307099e-10,4.2523729449952955e-09,2.739582652757514e-09,2.137578395180685e-10,1.430830357142858e-11,1.7988814106993702e-09,2.8616964285714306e-11,2.7675887273461838e-11,2.4987946428571432e-11,1.9477090909090897e-11,1.8146142593167048e-10,3.8657589285714293e-11,4.303221327612909e-09,2.6589017400735503e-09,38167212.894117646,3.266899752833528e-09,1.8308054226475286e-06,2.256708953217594e-07,1.6644504504504495e-11,8.836209313829487e-11,4.7751964285714264e-11,1.0891223560910311e-08,3.7767321428571446e-11,6.1011598613345e-10,7297156.400000001,4.5023182274701584e-10,8.029696997704002e-10,8.949422749060612e-10,4.9024642857142846e-11,5.116080357142857e-11,2.4237773438342793e-11,6.597080357142859e-11,5.372004775472083e-11,2.440055555555556e-11,2.9461964285714275e-11,2.1888247472282725e-10,1.270696428571429e-10,1.9746973214285719e-10,2.971914285714287e-10,1.6557326390218062e-09,3.7532779912586904e-10,9.65322947306396e-11,7.161945919242735e-11,2.402974890887718e-11,1.475444642857143e-10,4.447281753437289e-09,1.2355997444187584e-08,2.559616169529462e-10,3.033581550568425e-08,1.1250873786407762e-11,1032816.1648863639,7.09682695548574e-11,1.1008462962962962e-10,1.3393644859813082e-11,1.4941634615384615e-11,1.1198069673913902e-10,2.8237857142857147e-11,8.64083333333333e-12,3.405442307692307e-11,1.5901020408163276e-11,4.688209601232534e-10,1.1856160714285713e-11
11,1.3760071428571421e-10,1.4806336633663356e-11,1.2922572656885206e-10,3.414179137761956e-11,2.2238738738738756e-11,3.4883852658691974e-10,6.502734164401953e-10,4.0378515429633194e-09,2.4826510636341424e-09,1.9985833165775367e-10,1.4494821428571428e-11,1.4797207073554657e-09,2.8989374999999986e-11,3.2400141673142325e-11,2.3862454545454545e-11,1.850682242990654e-11,1.9205763489512737e-10,3.2499821428571424e-11,4.10493816826666e-09,2.764335574126542e-09,37622603.800000004,3.2956055763178234e-09,1.805255183413079e-06,2.1457111755555551e-07,1.6014018691588783e-11,7.835487317874027e-11,4.836133928571426e-11,1.0800508148893366e-08,3.821375000000003e-11,6.372945137546359e-10,8607873.327777777,4.189642255940865e-10,6.716135507283909e-10,8.348596800484569e-10,4.954008928571426e-11,5.182973214285713e-11,2.4136003774286703e-11,6.66397321428572e-11,5.077820568249883e-11,1.7218019801980197e-11,2.983392857142857e-11,2.2412959826110467e-10,1.076591071428572e-10,1.660167857142858e-10,2.5179562499999995e-10,1.3682974528876209e-09,3.383117978352058e-10,8.195146134879387e-11,6.668598253871733e-11,2.0814763155895693e-11,1.2500705357142853e-10,3.488590226185638e-09,1.0717186806741048e-08,2.8049715992362246e-10,3.449698879558129e-08,1.1947789473684215e-11,1198563.370860215,6.216997666436434e-11,1.6511545138888884e-10,1.1918446601941743e-11,8.912500000000005e-12,1.0034281898155061e-10,2.374017857142858e-11,7.342682926829267e-12,2.864722772277226e-11,1.3899690721649481e-11,4.1207128854491973e-10,9.968125000000009e-12
12,1.4303464285714277e-10,1.0722352941176475e-11,1.1801036247402743e-10,3.362343219647775e-11,2.5042500000000013e-11,3.2707872070482577e-10,5.595862016692279e-10,3.6187130035306595e-09,2.351850440287186e-09,1.8692383226033543e-10,1.4726666666666672e-11,1.2730403589857119e-09,2.973027272727272e-11,2.495471206870273e-11,2.443953703703705e-11,2.0995576923076912e-11,1.954208263463975e-10,3.045241071428573e-11,4.056820775695688e-09,2.809927973131252e-09,33545956.50531915,3.175344615377019e-09,1.7870773524720898e-06,2.0721463952546296e-07,1.7577373737373744e-11,6.761793185801848e-11,4.95730909090909e-11,1.006714145034259e-08,3.910372727272731e-11,7.49885849927118e-10,9483876.441489361,3.79540272876486e-10,5.89584805875634e-10,7.345523816746588e-10,5.3085535714285706e-11,5.6439196428571396e-11,2.9292805296821834e-11,7.124910714285716e-11,4.781121966094158e-11,1.6248446601941742e-11,3.239473214285713e-11,2.3828465471363435e-10,1.0200133928571428e-10,1.555575e-10,2.3856375000000006e-10,1.2381785312520454e-09,2.924056202516792e-10,6.981606825365725e-11,5.939617602297591e-11,2.0133968254838674e-11,1.1843741071428568e-10,2.766185451923838e-09,8.324438946036686e-09,3.1767316617159627e-10,3.855316512494637e-08,7.228453608247425e-12,1301399.3913978494,5.6392642044639666e-11,2.537976950354611e-10,8.46740384615385e-12,1.1024400000000005e-11,8.6106964259957e-11,2.2243392857142854e-11,5.7718390804597726e-12,2.97838613861386e-11,8.073300000000001e-12,3.583503857176776e-10,9.34e-12
13,1.3963999999999987e-10,1.1624653465346542e-11,1.1259384402505017e-10,3.3037711589255215e-11,2.8720090909090918e-11,3.010903260396911e-10,5.03720275175327e-10,3.235518404030213e-09,2.1399664685439903e-09,1.7867808178104722e-10,1.738209090909091e-11,1.05899909169489e-09,3.478354545454545e-11,1.8556651766416717e-11,2.9921727272727284e-11,2.3473269230769226e-11,2.0856352416134382e-10,2.984285714285713e-11,3.6965614476925606e-09,2.8473403031947017e-09,37140881.66847826,3.081649266596425e-09,1.7672268907563006e-06,1.9921143671643528e-07,2.1019907407407416e-11,5.861041819747155e-11,5.784245454545455e-11,1.119833203007519e-08,4.5167090909090904e-11,9.086811679553952e-10,12442776.542934783,3.276010733006381e-10,4.83611330528516e-10,6.740999827512818e-10,5.995839285714287e-11,6.537348214285713e-11,3.113720145512339e-11,8.018312500000002e-11,4.4878780158008833e-11,1.384858585858585e-11,3.735785714285713e-11,2.424635994074157e-10,9.592098214285713e-11,1.5244339285714268e-10,2.2434312500000004e-10,1.0037102491446867e-09,2.6057063287607134e-10,5.968032950258133e-11,6.122021985748293e-11,1.815979947040194e-11,1.1137767857142864e-10,2.2025844575263036e-09,7.330441193773976e-09,3.114976947628752e-10,4.146618041023167e-08,8.239888888888892e-12,1426421.594527174,4.7445731516798096e-11,3.224886597938145e-10,9.777676767676771e-12,9.197448979591844e-12,7.293457808553844e-11,2.1799285714285713e-11,5.84175e-12,2.731789999999999e-11,1.0391632653061226e-11,3.094005103883211e-10,9.152678571428578e-12
14,1.4247715517241373e-10,1.109408602150538e-11,1.09784656611799e-10,3.2445369879807346e-11,2.978413793103449e-11,3.064634064823383e-10,4.986411698042626e-10,2.73114595807978e-09,1.9232600226445567e-09,1.6851744882012931e-10,1.922974137931035e-11,9.550173032270082e-10,3.8457155172413786e-11,2.873814393191694e-11,3.2860086206896575e-11,2.554639639639639e-11,1.961378462745032e-10,3.165500000000002e-11,3.751922601559515e-09,2.828798465479462e-09,36607828.93915662,2.9956007229233437e-09,1.7514312819666716e-06,1.969806150740741e-07,2.305250000000002e-11,6.094383830606365e-11,6.385370689655171e-11,1.103360484949833e-08,4.957491379310346e-11,1.1253188243322953e-09,14648125.86904762,3.156773438416819e-10,4.398561543519042e-10,6.209763231550256e-10,6.265017241379314e-11,6.887206896551725e-11,3.500460746119441e-11,8.368163793103448e-11,4.434872443093316e-11,1.0640761904761901e-11,3.9301465517241364e-11,2.2078092788010783e-10,9.523517241379306e-11,1.6169827586206893e-10,2.227395689655174e-10,8.907980331577715e-10,2.446863819857402e-10,6.034311697237804e-11,5.2664293836776113e-11,1.771293777749285e-11,1.1058163793103451e-10,1.8442125980437e-09,7.2340853448807375e-09,2.5176484901981353e-10,4.2835701166344884e-08,6.850217391304349e-12,1408657.6595238098,4.9201400093646974e-11,3.4177116666666685e-10,8.580612244897959e-12,1.1832448979591838e-11,7.814465756899285e-11,2.312215517241379e-11,4.890810810810811e-12,1.971683673469387e-11,8.258478260869573e-12,3.0159603111171644e-10,9.708620689655176e-12
15,1.4486836206896563e-10,1.0283820224719101e-11,1.0827442909731398e-10,3.1788180867138803e-11,2.936413793103448e-11,2.6719269740389335e-10,4.6344450207147433e-10,2.622004413829831e-09,1.918117685609141e-09,1.6921799942840258e-10,1.8973017241379316e-11,8.579677019643619e-10,3.794413793103449e-11,2.701909214251269e-11,3.2449482758620684e-11,2.8036724137931026e-11,2.0678720912583925e-10,3.124448275862069e-11,3.637139552896292e-09,2.7643472543025417e-09,39273878.33510639,2.897945107409028e-09,1.7408760930539527e-06,1.962459360462963e-07,2.352651785714286e-11,5.613187616459383e-11,6.301370689655173e-11,1.0699648550724633e-08,4.895905172413791e-11,1.1798537626984129e-09,15385811.30319149,3.1641986136578404e-10,3.942605819125338e-10,6.272836381487544e-10,6.193922413793106e-11,6.79486206896552e-11,3.4615356752247336e-11,8.275801724137922e-11,4.359440595087625e-11,1.0399009900990107e-11,3.878836206896552e-11,1.9483650709223617e-10,9.441965517241375e-11,1.59603275862069e-10,2.2083172413793122e-10,8.251279308858755e-10,2.4365200543373274e-10,5.880626265543948e-11,4.9299917669348746e-11,1.7184769655602663e-11,1.0963431034482762e-10,1.6319513075774907e-09,7.172147542270001e-09,2.2392029690195666e-10,4.3340579863792386e-08,7.264329896907217e-12,1132587.8129032264,4.3529328278779994e-11,3.168443262411349e-10,8.385533980582526e-12,1.2006213592233008e-11,7.254655237837496e-11,2.2823017241379315e-11,5.082714285714285e-12,1.844525773195875e-11,9.621827956989248e-12,2.9272079427248883e-10,9.582413793103453e-12
16,1.2921939655172413e-10,1.154296703296702e-11,1.1247641506408701e-10,2.9359300024550015e-11,3.1967068965517246e-11,2.679520757562389e-10,4.584685112965208e-10,2.7316968070581607e-09,1.9850979240653875e-09,1.6196730063277453e-10,2.0562844827586198e-11,8.616382187643934e-10,4.112577586206897e-11,1.7896353728102504e-11,3.383868421052632e-11,2.9395701754385975e-11,1.8926872845625918e-10,3.202706896551724e-11,3.3999187989100378e-09,2.6085804271449867e-09,39097964.49468085,2.793356139420153e-09,1.7419608975416616e-06,2.0311195995717604e-07,2.5954504504504513e-11,5.33251121933745e-11,6.822077586206896e-11,1.0745080298010813e-08,5.277749999999998e-11,1.1272007593671312e-09,13164220.931914894,3.015336219951666e-10,3.98249035066922e-10,5.847634573645206e-10,6.634551724137929e-11,7.367663793103451e-11,3.5365138022814276e-11,8.848629310344826e-11,4.401058166401108e-11,1.0465858585858594e-11,4.197008620689656e-11,1.904678514742369e-10,9.731749999999995e-11,1.636007758620689e-10,2.2761086206896556e-10,8.439914372521981e-10,2.3759936640168965e-10,6.330458343704042e-11,4.668731014034787e-11,1.7223886589573363e-11,1.1299991379310348e-10,1.3866398878451058e-09,7.699409856931483e-09,2.133178579927601e-10,4.244888418597168e-08,6.929255319148941e-12,1162229.4027717395,4.1560221404445315e-11,2.6677105263157883e-10,9.186990291262136e-12,1.2800297029702956e-11,7.063211568834048e-11,2.3394568965517225e-11,6.1732352941176446e-12,1.5697419354838706e-11,1.1494545454545458e-11,3.110460320288973e-10,9.822586206896555e-12
17,1.281993965517241e-10,1.1572291666666657e-11,1.2128903679567006e-10,2.8552794714048052e-11,3.5342155172413805e-11,2.9252338958570793e-10,4.833484651712894e-10,2.97627375345946e-09,2.1372124089968434e-09,1.636661358578371e-10,2.2625603448275875e-11,9.778675529774136e-10,4.524974137931035e-11,2.4791879950581356e-11,3.719543859649123e-11,3.268008771929826e-11,1.723078060511468e-10,3.1791379310344836e-11,3.3910129002962195e-09,2.468885522165658e-09,38959299.402173914,2.9947504061104245e-09,1.7452029368091078e-06,2.1240565498958342e-07,2.7820695652173927e-11,5.778933813763698e-11,7.496999999999999e-11,9.74981875e-09,5.772637931034487e-11,1.0526604655615786e-09,11606922.047282608,3.2226554521840807e-10,4.2547917205120147e-10,6.112108239994337e-10,7.205551724137937e-11,8.109913793103449e-11,3.881270497135274e-11,9.590879310344827e-11,4.7170915985628896e-11,1.3608039215686271e-11,4.609517241379308e-11,1.7348694397334856e-10,9.70117241379311e-11,1.6239594827586206e-10,2.2689568965517233e-10,9.044622295548299e-10,2.619123360498627e-10,6.921888235334875e-11,4.6443770943172765e-11,1.6917562413229474e-11,1.1264482758620698e-10,1.1677430820545392e-09,9.311242225853567e-09,2.0348650554968665e-10,3.988267255469756e-08,6.880449438202252e-12,869424.8931789475,4.567068167602026e-11,2.2038164794007494e-10,8.196792452830185e-12,1.4327549019607836e-11,7.75744434589874e-11,2.3221637931034495e-11,5.1396052631578936e-12,1.8032989690721662e-11,8.384329896907218e-12,3.326972981636752e-10,9.749827586206902e-12
18,1.0814620689655172e-10,8.757070707070706e-12,1.302793323524868e-10,2.886032904715513e-11,3.047756521739132e-11,3.2601739905523807e-10,5.330302159976602e-10,3.539498472221742e-09,2.4784246512760767e-09,1.74156881216729e-10,1.965191304347827e-11,1.1654965509734477e-09,3.9304608695652174e-11,2.5555942966158252e-11,3.353782608695651e-11,2.910234782608698e-11,1.5878144255515667e-10,3.3590431034482776e-11,3.612409123687671e-09,2.317487080832704e-09,23203196.90284091,3.128371152361879e-09,1.7586908100973426e-06,2.2220963574768517e-07,2.3617826086956532e-11,6.537162270890006e-11,6.524043478260869e-11,8.94244823348694e-09,5.059226086956526e-11,1.2019776159781575e-09,7935026.130681819,3.5419791401768574e-10,5.265023177291325e-10,6.090533299999423e-10,6.52037931034483e-11,7.219275862068967e-11,3.288540082298827e-11,8.700267241379311e-11,5.096851936798445e-11,1.2974587155963307e-11,4.015017391304349e-11,1.5664423847403526e-10,1.0456137931034488e-10,1.7158387931034481e-10,2.445518965517243e-10,1.1039313233510543e-09,2.7254285942593825e-10,7.679091176882676e-11,5.7999192180850606e-11,1.8267923751350324e-11,1.2141000000000005e-10,9.288311703971882e-10,1.1923650442830933e-08,1.9404069633967528e-10,3.5552277075289554e-08,5.444736842105263e-12,401036.40114130435,5.275051332493308e-11,1.6431436781609194e-10,7.2691588785046724e-12,1.2919047619047632e-11,8.957164923763911e-11,2.4535086206896583e-11,3.703604651162791e-12,1.8400980392156873e-11,7.584000000000003e-12,3.6972625585968973e-10,1.0301810344827579e-11
19,1.0355362068965517e-10,1.0336804123711342e-11,1.4662532427397174e-10,3.169425046076034e-11,2.8465833333333345e-11,3.9620565533632543e-10,6.287463945692831e-10,4.905640661872629e-09,2.9288206556608002e-09,1.9867615250629252e-10,1.842157407407406e-11,1.3506863955689305e-09,3.684555555555555e-11,2.9797696591704275e-11,3.157064814814817e-11,2.7177685185185216e-11,1.2533909785237446e-10,3.5594827586206884e-11,3.898870664712198e-09,2.2567268052722967e-09,16583218.610465117,3.124819444443306e-09,1.7729005114667559e-06,2.414874088310185e-07,2.2841538461538465e-11,7.185912542231902e-11,6.12163888888889e-11,9.747541894630193e-09,4.7640555555555586e-11,1.1921329630067571e-09,4726629.938372093,3.9840916810309013e-10,5.888864953067427e-10,6.487656717034976e-10,7.179784482758622e-11,8.076456896551729e-11,3.0821127065923026e-11,9.557456896551724e-11,5.593661694353186e-11,1.8788190476190475e-11,3.768916666666671e-11,1.5722405208782498e-10,1.099784482758621e-10,1.8182198275862046e-10,2.572187068965519e-10,1.2128607090618076e-09,2.950533511220982e-10,7.901848712708594e-11,5.2046683267265024e-11,2.0462134366783978e-11,1.27699224137931e-10,6.204061225567414e-10,1.4080193632577335e-08,1.9783187146478196e-10,3.0952375286357794e-08,6.654591836734691e-12,208420.56931818184,6.00389472704136e-11,1.2136705426356596e-10,9.143653846153847e-12,1.3933039215686287e-11,1.0074401959237997e-10,2.5999051724137934e-11,4.727439024390244e-12,1.9727663551401877e-11,9.110094339622645e-12,4.1893670289048513e-10,1.0916120689655167e-11
20,9.120675213675215e-11,1.2179368421052636e-11,1.626793692475836e-10,3.421524939939311e-11,2.697532110091743e-11,4.466238810028822e-10,7.103925456165054e-10,5.829289162867456e-09,3.4963336856971005e-09,2.2224279472084538e-10,1.7511376146788982e-11,1.480267197753076e-09,3.502440366972479e-11,3.3302567503470833e-11,3.011339449541286e-11,2.5752752293577987e-11,9.592060825515975e-11,3.766162393162395e-11,4.127705335941357e-09,2.3004587818502447e-09,11085251.503370786,3.2602656045392928e-09,1.8011450537766336e-06,2.51271994157484e-07,2.076449541284405e-11,7.894989656097999e-11,5.823605504587155e-11,8.231921329215449e-09,4.5454954128440385e-11,9.002058452581185e-10,4348494.5275280895,4.1795796042852307e-10,5.875843050472327e-10,6.678863111797075e-10,6.219675213675214e-11,6.676855855855852e-11,2.9363384669459996e-11,8.309282051282051e-11,5.959760709099353e-11,1.8809819819819816e-11,3.5868532110091723e-11,1.561394183344522e-10,1.1942863247863248e-10,1.9237948717948708e-10,2.7932179487179497e-10,1.2190763045151494e-09,3.1369208656469217e-10,8.161311873102133e-11,5.554874396936392e-11,2.2383426372339773e-11,1.3867264957264964e-10,8.467823901725125e-10,1.493816271744011e-08,2.0348334761009989e-10,2.7698142820447372e-08,7.267941176470591e-12,136091.71472527477,6.744052930002097e-11,9.822817460317463e-11,1.0826071428571432e-11,1.5509646017699128e-11,1.1030416472491357e-10,2.7509230769230787e-11,6.2532558139534876e-12,2.7693839285714303e-11,1.028990825688073e-11,4.705910068765189e-10,1.1550256410256397e-11
21,8.650241379310347e-11,1.2585566037735844e-11,1.7340965342792656e-10,3.474624527344522e-11,2.5366944444444426e-11,4.957113401490423e-10,7.730501270429408e-10,6.786385967127332e-09,4.3731421062341645e-09,2.361380962837043e-10,1.6529166666666664e-11,1.5826590359865032e-09,3.3057962962962975e-11,3.727220137330816e-11,2.8542222222222216e-11,2.2283714285714276e-11,6.453179352950989e-11,3.99876724137931e-11,4.381319017153338e-09,2.2582919488565132e-09,11679077.870786518,3.2595913888414782e-09,1.818334433261837e-06,2.6220139404629626e-07,1.9453888888888874e-11,8.464251773244292e-11,5.501851851851854e-11,7.864655797101449e-09,4.30960185185185e-11,7.030988319128787e-10,5311758.279213483,4.4981513942725866e-10,6.200785840955476e-10,7.079057823402712e-10,5.969913793103445e-11,5.915361111111111e-11,2.8070451170422307e-11,7.984508620689649e-11,6.409105982276792e-11,1.7438207547169815e-11,3.3902407407407416e-11,1.643093900724017e-10,1.295775e-10,2.042615517241381e-10,3.030576724137932e-10,1.264469623288745e-09,3.3605972453038965e-10,8.34391017915383e-11,5.920782343234016e-11,2.4084921791200598e-11,1.504566379310344e-10,1.0422640788321476e-09,1.68500369853876e-08,2.1314115067760656e-10,2.3830487668918927e-08,8.604485981308412e-12,42738.61043258427,7.275084931401345e-11,8.283968253968253e-11,1.2401926605504576e-11,1.881060344827588e-11,1.2123965903033789e-10,2.9207499999999993e-11,6.8843269230769204e-12,2.944125e-11,1.1585321100917426e-11,5.288972532564776e-10,1.2263620689655185e-11
22,6.76015517241379e-11,1.4364752475247531e-11,1.6500568149438056e-10,3.1849255913025496e-11,2.623910714285716e-11,4.2226860521504485e-10,7.26025711604242e-10,6.895674404438183e-09,4.432149125145598e-09,2.2084857925814087e-10,1.706241071428571e-11,1.536794909367292e-09,3.412419642857144e-11,3.850068837655572e-11,2.93942857142857e-11,2.2544166666666672e-11,4.316682990501898e-11,4.198637931034483e-11,4.133926770118017e-09,2.273102412026561e-09,9475297.506024096,3.286474481926798e-09,1.8295289556178846e-06,2.5816658880324055e-07,2.132584905660377e-11,7.921116576552187e-11,5.676321428571431e-11,7.715321326164874e-09,4.437517857142857e-11,5.64466722283613e-10,3434120.6201204825,4.373078401607704e-10,5.723231516423389e-10,6.702964295246417e-10,6.269249999999999e-11,6.107357142857139e-11,2.7356546443247923e-11,8.373870689655165e-11,5.888886340858219e-11,1.5758058252427188e-11,3.4968571428571444e-11,1.5222458610157027e-10,1.412756034482758e-10,2.1447439655172405e-10,3.3041896551724154e-10,1.1672835066465027e-09,3.132843914715076e-10,8.595159957934234e-11,5.738732260978412e-11,2.4900442247674373e-11,1.640400862068966e-10,1.1745606679306408e-09,1.686072553304779e-08,2.2901268043864647e-10,2.2374352580437584e-08,1.1108514851485151e-11,73409.30384146342,6.780883991507595e-11,7.363497942386832e-11,1.3068130841121492e-11,1.720366071428572e-11,1.1405968206106231e-10,3.066879310344824e-11,6.3081188118811894e-12,2.374666666666668e-11,1.3616355140186912e-11,5.087620980849347e-10,1.2877413793103446e-11
23,7.011034782608694e-11,1.3735544554455435e-11,1.5215986392999624e-10,2.913267678714956e-11,2.6591376146789008e-11,3.640676786388408e-10,6.478687884374286e-10,6.687673830201409e-09,4.5455662253155935e-09,1.9646941809023184e-10,1.6837857142857156e-11,1.5937870667081708e-09,3.367758928571431e-11,3.704768993466206e-11,2.7063394495412857e-11,2.2756761904761916e-11,3.2915006096248436e-11,4.252852173913041e-11,4.1435819418548845e-09,2.2577780211124395e-09,7148123.115853659,3.1636364069529966e-09,1.8422578782379155e-06,2.424779540966387e-07,2.167427184466021e-11,7.799039460261551e-11,5.6032946428571426e-11,7.71699219409283e-09,4.3840089285714265e-11,4.821630999316788e-10,3891845.651219513,4.586629099681559e-10,5.963466252931898e-10,6.619864645983713e-10,6.061973913043477e-11,6.218858407079647e-11,2.814780285724305e-11,8.104417391304346e-11,5.2919343023304093e-11,2.2365999999999994e-11,3.452312499999998e-11,1.5283389835577562e-10,1.429127826086957e-10,2.172372173913041e-10,3.3424843478260837e-10,1.179180449901299e-09,3.090649544474777e-10,8.587389346219364e-11,5.848264468144647e-11,2.5547608662648305e-11,1.659415652173914e-10,1.7962991060411974e-09,1.638228498241047e-08,2.3675567370263533e-10,2.1545451542779272e-08,9.310000000000001e-12,6226.678031645573,6.862229945245709e-11,6.500562499999998e-11,1.3703786407766992e-11,1.7922869565217395e-11,1.1365056754453061e-10,3.1064434782608684e-11,9.155789473684207e-12,2.6406018518518517e-11,1.4475855855855864e-11,4.92117249462366e-10,1.3042608695652182e-11
